,urls
0,https://patentscope.wipo.int/search/en/detail.jsf?docId=WO2024084512&_cid=P22-MIZIF6-17177-1
1,https://patentscope.wipo.int/search/en/detail.jsf?docId=EP249466576&_cid=P22-MIZIF6-17177-1
2,https://patentscope.wipo.int/search/en/detail.jsf?docId=WO2018054963&_cid=P22-MIZIF6-17177-1
3,https://patentscope.wipo.int/search/en/detail.jsf?docId=US37863967&_cid=P22-MIZIF6-17177-1
4,https://patentscope.wipo.int/search/en/detail.jsf?docId=WO2023156227&_cid=P22-MIZIF6-17177-1
5,https://patentscope.wipo.int/search/en/detail.jsf?docId=EP444730322&_cid=P22-MIZIF6-17177-1
6,https://patentscope.wipo.int/search/en/detail.jsf?docId=EP405672179&_cid=P22-MIZIF6-17177-1
7,https://patentscope.wipo.int/search/en/detail.jsf?docId=US36956337&_cid=P22-MIZIF6-17177-1
8,https://patentscope.wipo.int/search/en/detail.jsf?docId=EP350356777&_cid=P22-MIZIF6-17177-1
9,https://patentscope.wipo.int/search/en/detail.jsf?docId=WO2020202023&_cid=P22-MIZIF6-17177-1
10,https://patentscope.wipo.int/search/en/detail.jsf?docId=GB176139144&_cid=P22-MIZIF6-17177-1
11,https://patentscope.wipo.int/search/en/detail.jsf?docId=EP439571378&_cid=P22-MIZIF6-17177-1
12,https://patentscope.wipo.int/search/en/detail.jsf?docId=WO2021152614&_cid=P22-MIZIF6-17177-1
13,https://patentscope.wipo.int/search/en/detail.jsf?docId=GB375143631&_cid=P22-MIZIF6-17177-1
14,https://patentscope.wipo.int/search/en/detail.jsf?docId=WO2024129669&_cid=P22-MIZIF6-17177-1
15,https://patentscope.wipo.int/search/en/detail.jsf?docId=EP406103295&_cid=P22-MIZIF6-17177-1
16,https://patentscope.wipo.int/search/en/detail.jsf?docId=US36955012&_cid=P22-MIZIF6-17177-1
17,https://patentscope.wipo.int/search/en/detail.jsf?docId=EP368648006&_cid=P22-MIZIF6-17177-1
18,https://patentscope.wipo.int/search/en/detail.jsf?docId=WO2010006386&_cid=P22-MIZIF6-17177-1
19,https://patentscope.wipo.int/search/en/detail.jsf?docId=EP458121340&_cid=P22-MIZIF6-17177-1
20,https://patentscope.wipo.int/search/en/detail.jsf?docId=WO2025124744&_cid=P22-MIZIF6-17177-1
21,https://patentscope.wipo.int/search/en/detail.jsf?docId=EP395659419&_cid=P22-MIZIF6-17177-1
22,https://patentscope.wipo.int/search/en/detail.jsf?docId=WO2024095281&_cid=P22-MIZIF6-17177-1
23,https://patentscope.wipo.int/search/en/detail.jsf?docId=WO2017130081&_cid=P22-MIZIF6-17177-1
24,https://patentscope.wipo.int/search/en/detail.jsf?docId=WO2019154982&_cid=P22-MIZIF6-17177-1
25,https://patentscope.wipo.int/search/en/detail.jsf?docId=EP313393032&_cid=P22-MIZIF6-17177-1
26,https://patentscope.wipo.int/search/en/detail.jsf?docId=EP358104746&_cid=P22-MIZIF6-17177-1
27,https://patentscope.wipo.int/search/en/detail.jsf?docId=CA105504648&_cid=P22-MIZIF6-17177-1
28,https://patentscope.wipo.int/search/en/detail.jsf?docId=WO2017023082&_cid=P22-MIZIF6-17177-1
29,https://patentscope.wipo.int/search/en/detail.jsf?docId=EP243362466&_cid=P22-MIZIF6-17177-1
30,https://patentscope.wipo.int/search/en/detail.jsf?docId=US37132068&_cid=P22-MIZIF6-17177-1
31,https://patentscope.wipo.int/search/en/detail.jsf?docId=CA93453952&_cid=P22-MIZIF6-17177-1
32,https://patentscope.wipo.int/search/en/detail.jsf?docId=WO2024183956&_cid=P22-MIZIF6-17177-1
33,https://patentscope.wipo.int/search/en/detail.jsf?docId=EP107068264&_cid=P22-MIZIF6-17177-1
34,https://patentscope.wipo.int/search/en/detail.jsf?docId=IN211651952&_cid=P22-MIZIF6-17177-1
35,https://patentscope.wipo.int/search/en/detail.jsf?docId=EP358103181&_cid=P22-MIZIF6-17177-1
36,https://patentscope.wipo.int/search/en/detail.jsf?docId=WO2020251826&_cid=P22-MIZIF6-17177-1
37,https://patentscope.wipo.int/search/en/detail.jsf?docId=US36666320&_cid=P22-MIZIF6-17177-1
38,https://patentscope.wipo.int/search/en/detail.jsf?docId=WO2022078747&_cid=P22-MIZIF6-17177-1
39,https://patentscope.wipo.int/search/en/detail.jsf?docId=IN211682157&_cid=P22-MIZIF6-17177-1
40,https://patentscope.wipo.int/search/en/detail.jsf?docId=EP459883427&_cid=P22-MIZIF6-17177-1
41,https://patentscope.wipo.int/search/en/detail.jsf?docId=CA192194690&_cid=P22-MIZIF6-17177-1
42,https://patentscope.wipo.int/search/en/detail.jsf?docId=WO2014207703&_cid=P22-MIZIF6-17177-1
43,https://patentscope.wipo.int/search/en/detail.jsf?docId=US36890604&_cid=P22-MIZIF6-17177-1
44,https://patentscope.wipo.int/search/en/detail.jsf?docId=EP440661925&_cid=P22-MIZIF6-17177-1
45,https://patentscope.wipo.int/search/en/detail.jsf?docId=CA93592340&_cid=P22-MIZIF6-17177-1
46,https://patentscope.wipo.int/search/en/detail.jsf?docId=WO2013190581&_cid=P22-MIZIF6-17177-1
47,https://patentscope.wipo.int/search/en/detail.jsf?docId=WO2025248216&_cid=P22-MIZIF6-17177-1
48,https://patentscope.wipo.int/search/en/detail.jsf?docId=CA152443598&_cid=P22-MIZIF6-17177-1
49,https://patentscope.wipo.int/search/en/detail.jsf?docId=CA105547076&_cid=P22-MIZIF6-17177-1
50,https://patentscope.wipo.int/search/en/detail.jsf?docId=US36890605&_cid=P22-MIZIF6-17177-1
51,https://patentscope.wipo.int/search/en/detail.jsf?docId=KR92275402&_cid=P22-MIZIF6-17177-1
52,https://patentscope.wipo.int/search/en/detail.jsf?docId=US36860035&_cid=P22-MIZIF6-17177-1
53,https://patentscope.wipo.int/search/en/detail.jsf?docId=US38164217&_cid=P22-MIZIF6-17177-1
54,https://patentscope.wipo.int/search/en/detail.jsf?docId=CA105808257&_cid=P22-MIZIF6-17177-1
55,https://patentscope.wipo.int/search/en/detail.jsf?docId=IN313339038&_cid=P22-MIZIF6-17177-1
56,https://patentscope.wipo.int/search/en/detail.jsf?docId=WO2025042435&_cid=P22-MIZIF6-17177-1
57,https://patentscope.wipo.int/search/en/detail.jsf?docId=EP292572028&_cid=P22-MIZIF6-17177-1
58,https://patentscope.wipo.int/search/en/detail.jsf?docId=EP123111096&_cid=P22-MIZIF6-17177-1
59,https://patentscope.wipo.int/search/en/detail.jsf?docId=US36948739&_cid=P22-MIZIF6-17177-1
60,https://patentscope.wipo.int/search/en/detail.jsf?docId=US36981885&_cid=P22-MIZIF6-17177-1
61,https://patentscope.wipo.int/search/en/detail.jsf?docId=EP133206810&_cid=P22-MIZIF6-17177-1
62,https://patentscope.wipo.int/search/en/detail.jsf?docId=CA124240115&_cid=P22-MIZIF6-17177-1
63,https://patentscope.wipo.int/search/en/detail.jsf?docId=CA93553556&_cid=P22-MIZIF6-17177-1
64,https://patentscope.wipo.int/search/en/detail.jsf?docId=US37126650&_cid=P22-MIZIF6-17177-1
65,https://patentscope.wipo.int/search/en/detail.jsf?docId=US36965997&_cid=P22-MIZIF6-17177-1
66,https://patentscope.wipo.int/search/en/detail.jsf?docId=EP251063890&_cid=P22-MIZIF6-17177-1
67,https://patentscope.wipo.int/search/en/detail.jsf?docId=WO2022061392&_cid=P22-MIZIF6-17177-1
68,https://patentscope.wipo.int/search/en/detail.jsf?docId=CA236786557&_cid=P22-MIZIF6-17177-1
69,https://patentscope.wipo.int/search/en/detail.jsf?docId=IN366094556&_cid=P22-MIZIF6-17177-1
70,https://patentscope.wipo.int/search/en/detail.jsf?docId=US37356699&_cid=P22-MIZIF6-17177-1
71,https://patentscope.wipo.int/search/en/detail.jsf?docId=EP198010505&_cid=P22-MIZIF6-17177-1
72,https://patentscope.wipo.int/search/en/detail.jsf?docId=CA93319456&_cid=P22-MIZIF6-17177-1
73,https://patentscope.wipo.int/search/en/detail.jsf?docId=GB449229363&_cid=P22-MIZIF6-17177-1
74,https://patentscope.wipo.int/search/en/detail.jsf?docId=EP389041578&_cid=P22-MIZIF6-17177-1
75,https://patentscope.wipo.int/search/en/detail.jsf?docId=WO2022201061&_cid=P22-MIZIF6-17177-1
76,https://patentscope.wipo.int/search/en/detail.jsf?docId=EP421392507&_cid=P22-MIZIF6-17177-1
77,https://patentscope.wipo.int/search/en/detail.jsf?docId=EP465991219&_cid=P22-MIZIF6-17177-1
78,https://patentscope.wipo.int/search/en/detail.jsf?docId=CA93478681&_cid=P22-MIZIF6-17177-1
79,https://patentscope.wipo.int/search/en/detail.jsf?docId=EP404741209&_cid=P22-MIZIF6-17177-1
80,https://patentscope.wipo.int/search/en/detail.jsf?docId=WO2014096226&_cid=P22-MIZIF6-17177-1
81,https://patentscope.wipo.int/search/en/detail.jsf?docId=CA93507770&_cid=P22-MIZIF6-17177-1
82,https://patentscope.wipo.int/search/en/detail.jsf?docId=EP395661351&_cid=P22-MIZIF6-17177-1
83,https://patentscope.wipo.int/search/en/detail.jsf?docId=US36416154&_cid=P22-MIZIF6-17177-1
84,https://patentscope.wipo.int/search/en/detail.jsf?docId=US37150450&_cid=P22-MIZIF6-17177-1
85,https://patentscope.wipo.int/search/en/detail.jsf?docId=WO2014158095&_cid=P22-MIZIF6-17177-1
86,https://patentscope.wipo.int/search/en/detail.jsf?docId=EP11716172&_cid=P22-MIZIF6-17177-1
87,https://patentscope.wipo.int/search/en/detail.jsf?docId=WO2024030023&_cid=P22-MIZIF6-17177-1
88,https://patentscope.wipo.int/search/en/detail.jsf?docId=NL238223595&_cid=P22-MIZIF6-17177-1
89,https://patentscope.wipo.int/search/en/detail.jsf?docId=CA93518216&_cid=P22-MIZIF6-17177-1
90,https://patentscope.wipo.int/search/en/detail.jsf?docId=EP131259417&_cid=P22-MIZIF6-17177-1
91,https://patentscope.wipo.int/search/en/detail.jsf?docId=IN346034371&_cid=P22-MIZIF6-17177-1
92,https://patentscope.wipo.int/search/en/detail.jsf?docId=IN451736187&_cid=P22-MIZIF6-17177-1
93,https://patentscope.wipo.int/search/en/detail.jsf?docId=WO2025046608&_cid=P22-MIZIF6-17177-1
94,https://patentscope.wipo.int/search/en/detail.jsf?docId=IN211819505&_cid=P22-MIZIF6-17177-1
95,https://patentscope.wipo.int/search/en/detail.jsf?docId=US36996412&_cid=P22-MIZIF6-17177-1
96,https://patentscope.wipo.int/search/en/detail.jsf?docId=EP159711685&_cid=P22-MIZIF6-17177-1
97,https://patentscope.wipo.int/search/en/detail.jsf?docId=WO2014154250&_cid=P22-MIZIF6-17177-1
98,https://patentscope.wipo.int/search/en/detail.jsf?docId=IN211757770&_cid=P22-MIZIF6-17177-1
99,https://patentscope.wipo.int/search/en/detail.jsf?docId=WO2023089373&_cid=P22-MIZIF6-17177-1
100,https://patentscope.wipo.int/search/en/detail.jsf?docId=EP439568918&_cid=P22-MIZIF6-17177-1
101,https://patentscope.wipo.int/search/en/detail.jsf?docId=US36968894&_cid=P22-MIZIF6-17177-1
102,https://patentscope.wipo.int/search/en/detail.jsf?docId=US37324178&_cid=P22-MIZIF6-17177-1
103,https://patentscope.wipo.int/search/en/detail.jsf?docId=EP11424015&_cid=P22-MIZIF6-17177-1
104,https://patentscope.wipo.int/search/en/detail.jsf?docId=CA93485228&_cid=P22-MIZIF6-17177-1
105,https://patentscope.wipo.int/search/en/detail.jsf?docId=WO2018140326&_cid=P22-MIZIF6-17177-1
106,https://patentscope.wipo.int/search/en/detail.jsf?docId=WO2024200537&_cid=P22-MIZIF6-17177-1
107,https://patentscope.wipo.int/search/en/detail.jsf?docId=EP427174997&_cid=P22-MIZIF6-17177-1
108,https://patentscope.wipo.int/search/en/detail.jsf?docId=EP245432024&_cid=P22-MIZIF6-17177-1
109,https://patentscope.wipo.int/search/en/detail.jsf?docId=CA94401414&_cid=P22-MIZIF6-17177-1
110,https://patentscope.wipo.int/search/en/detail.jsf?docId=US36630030&_cid=P22-MIZIF6-17177-1
111,https://patentscope.wipo.int/search/en/detail.jsf?docId=WO2022104015&_cid=P22-MIZIF6-17177-1
112,https://patentscope.wipo.int/search/en/detail.jsf?docId=WO2025250426&_cid=P22-MIZIF6-17177-1
113,https://patentscope.wipo.int/search/en/detail.jsf?docId=US37317668&_cid=P22-MIZIF6-17177-1
114,https://patentscope.wipo.int/search/en/detail.jsf?docId=EP278935456&_cid=P22-MIZIF6-17177-1
115,https://patentscope.wipo.int/search/en/detail.jsf?docId=US37710173&_cid=P22-MIZIF6-17177-1
116,https://patentscope.wipo.int/search/en/detail.jsf?docId=CA93497510&_cid=P22-MIZIF6-17177-1
117,https://patentscope.wipo.int/search/en/detail.jsf?docId=EP423908808&_cid=P22-MIZIF6-17177-1
118,https://patentscope.wipo.int/search/en/detail.jsf?docId=GB447984773&_cid=P22-MIZIF6-17177-1
119,https://patentscope.wipo.int/search/en/detail.jsf?docId=US38308469&_cid=P22-MIZIF6-17177-1
120,https://patentscope.wipo.int/search/en/detail.jsf?docId=US43223262&_cid=P22-MIZIF6-17177-1
121,https://patentscope.wipo.int/search/en/detail.jsf?docId=US36706037&_cid=P22-MIZIF6-17177-1
122,https://patentscope.wipo.int/search/en/detail.jsf?docId=EP133201815&_cid=P22-MIZIF6-17177-1
123,https://patentscope.wipo.int/search/en/detail.jsf?docId=EP275490154&_cid=P22-MIZIF6-17177-1
124,https://patentscope.wipo.int/search/en/detail.jsf?docId=WO2018202828&_cid=P22-MIZIF6-17177-1
125,https://patentscope.wipo.int/search/en/detail.jsf?docId=CA173935865&_cid=P22-MIZIF6-17177-1
126,https://patentscope.wipo.int/search/en/detail.jsf?docId=WO2013083445&_cid=P22-MIZIF6-17177-1
127,https://patentscope.wipo.int/search/en/detail.jsf?docId=US37475967&_cid=P22-MIZIF6-17177-1
128,https://patentscope.wipo.int/search/en/detail.jsf?docId=US36939178&_cid=P22-MIZIF6-17177-1
129,https://patentscope.wipo.int/search/en/detail.jsf?docId=US36827976&_cid=P22-MIZIF6-17177-1
130,https://patentscope.wipo.int/search/en/detail.jsf?docId=US36875038&_cid=P22-MIZIF6-17177-1
131,https://patentscope.wipo.int/search/en/detail.jsf?docId=US36764994&_cid=P22-MIZIF6-17177-1
132,https://patentscope.wipo.int/search/en/detail.jsf?docId=WO2025050090&_cid=P22-MIZIF6-17177-1
133,https://patentscope.wipo.int/search/en/detail.jsf?docId=CA108110570&_cid=P22-MIZIF6-17177-1
134,https://patentscope.wipo.int/search/en/detail.jsf?docId=EP154523696&_cid=P22-MIZIF6-17177-1
135,https://patentscope.wipo.int/search/en/detail.jsf?docId=EP145110863&_cid=P22-MIZIF6-17177-1
136,https://patentscope.wipo.int/search/en/detail.jsf?docId=EP464110889&_cid=P22-MIZIF6-17177-1
137,https://patentscope.wipo.int/search/en/detail.jsf?docId=EP192500875&_cid=P22-MIZIF6-17177-1
138,https://patentscope.wipo.int/search/en/detail.jsf?docId=WO2022079002&_cid=P22-MIZIF6-17177-1
139,https://patentscope.wipo.int/search/en/detail.jsf?docId=EP405671282&_cid=P22-MIZIF6-17177-1
140,https://patentscope.wipo.int/search/en/detail.jsf?docId=EP248882507&_cid=P22-MIZIF6-17177-1
141,https://patentscope.wipo.int/search/en/detail.jsf?docId=EP342816222&_cid=P22-MIZIF6-17177-1
142,https://patentscope.wipo.int/search/en/detail.jsf?docId=IN397756145&_cid=P22-MIZIF6-17177-1
143,https://patentscope.wipo.int/search/en/detail.jsf?docId=NZ430069256&_cid=P22-MIZIF6-17177-1
144,https://patentscope.wipo.int/search/en/detail.jsf?docId=EP105943906&_cid=P22-MIZIF6-17177-1
145,https://patentscope.wipo.int/search/en/detail.jsf?docId=IN211763613&_cid=P22-MIZIF6-17177-1
146,https://patentscope.wipo.int/search/en/detail.jsf?docId=WO2019123251&_cid=P22-MIZIF6-17177-1
147,https://patentscope.wipo.int/search/en/detail.jsf?docId=WO2017051284&_cid=P22-MIZIF6-17177-1
148,https://patentscope.wipo.int/search/en/detail.jsf?docId=EP224115621&_cid=P22-MIZIF6-17177-1
149,https://patentscope.wipo.int/search/en/detail.jsf?docId=WO2025227093&_cid=P22-MIZIF6-17177-1
150,https://patentscope.wipo.int/search/en/detail.jsf?docId=NL421417087&_cid=P22-MIZIF6-17177-1
151,https://patentscope.wipo.int/search/en/detail.jsf?docId=EP123177299&_cid=P22-MIZIF6-17177-1
152,https://patentscope.wipo.int/search/en/detail.jsf?docId=EP179474551&_cid=P22-MIZIF6-17177-1
153,https://patentscope.wipo.int/search/en/detail.jsf?docId=WO2015104320&_cid=P22-MIZIF6-17177-1
154,https://patentscope.wipo.int/search/en/detail.jsf?docId=CA175381840&_cid=P22-MIZIF6-17177-1
155,https://patentscope.wipo.int/search/en/detail.jsf?docId=EP405671068&_cid=P22-MIZIF6-17177-1
156,https://patentscope.wipo.int/search/en/detail.jsf?docId=US36360569&_cid=P22-MIZIF6-17177-1
157,https://patentscope.wipo.int/search/en/detail.jsf?docId=EP441489290&_cid=P22-MIZIF6-17177-1
158,https://patentscope.wipo.int/search/en/detail.jsf?docId=WO2023275049&_cid=P22-MIZIF6-17177-1
159,https://patentscope.wipo.int/search/en/detail.jsf?docId=IN211654156&_cid=P22-MIZIF6-17177-1
160,https://patentscope.wipo.int/search/en/detail.jsf?docId=WO2025078789&_cid=P22-MIZIF6-17177-1
161,https://patentscope.wipo.int/search/en/detail.jsf?docId=CA93565568&_cid=P22-MIZIF6-17177-1
162,https://patentscope.wipo.int/search/en/detail.jsf?docId=EP395659418&_cid=P22-MIZIF6-17177-1
163,https://patentscope.wipo.int/search/en/detail.jsf?docId=WO2001000840&_cid=P22-MIZIF6-17177-1
164,https://patentscope.wipo.int/search/en/detail.jsf?docId=EP407947856&_cid=P22-MIZIF6-17177-1
165,https://patentscope.wipo.int/search/en/detail.jsf?docId=EP13672122&_cid=P22-MIZIF6-17177-1
166,https://patentscope.wipo.int/search/en/detail.jsf?docId=EP383774558&_cid=P22-MIZIF6-17177-1
167,https://patentscope.wipo.int/search/en/detail.jsf?docId=WO2021255421&_cid=P22-MIZIF6-17177-1
168,https://patentscope.wipo.int/search/en/detail.jsf?docId=US37081563&_cid=P22-MIZIF6-17177-1
169,https://patentscope.wipo.int/search/en/detail.jsf?docId=EP395661350&_cid=P22-MIZIF6-17177-1
170,https://patentscope.wipo.int/search/en/detail.jsf?docId=WO2011023824&_cid=P22-MIZIF6-17177-1
171,https://patentscope.wipo.int/search/en/detail.jsf?docId=US37392835&_cid=P22-MIZIF6-17177-1
172,https://patentscope.wipo.int/search/en/detail.jsf?docId=US36405405&_cid=P22-MIZIF6-17177-1
173,https://patentscope.wipo.int/search/en/detail.jsf?docId=US40218743&_cid=P22-MIZIF6-17177-1
174,https://patentscope.wipo.int/search/en/detail.jsf?docId=EP453819323&_cid=P22-MIZIF6-17177-1
175,https://patentscope.wipo.int/search/en/detail.jsf?docId=US38646608&_cid=P22-MIZIF6-17177-1
176,https://patentscope.wipo.int/search/en/detail.jsf?docId=US37227475&_cid=P22-MIZIF6-17177-1
177,https://patentscope.wipo.int/search/en/detail.jsf?docId=CA93519436&_cid=P22-MIZIF6-17177-1
178,https://patentscope.wipo.int/search/en/detail.jsf?docId=WO2022084703&_cid=P22-MIZIF6-17177-1
179,https://patentscope.wipo.int/search/en/detail.jsf?docId=EP405673151&_cid=P22-MIZIF6-17177-1
180,https://patentscope.wipo.int/search/en/detail.jsf?docId=US41880373&_cid=P22-MIZIF6-17177-1
181,https://patentscope.wipo.int/search/en/detail.jsf?docId=EP11286598&_cid=P22-MIZIF6-17177-1
182,https://patentscope.wipo.int/search/en/detail.jsf?docId=EP173913848&_cid=P22-MIZIF6-17177-1
183,https://patentscope.wipo.int/search/en/detail.jsf?docId=WO1999046347&_cid=P22-MIZIF6-17177-1
184,https://patentscope.wipo.int/search/en/detail.jsf?docId=EP96104550&_cid=P22-MIZIF6-17177-1
185,https://patentscope.wipo.int/search/en/detail.jsf?docId=EP133804732&_cid=P22-MIZIF6-17177-1
186,https://patentscope.wipo.int/search/en/detail.jsf?docId=WO2014009146&_cid=P22-MIZIF6-17177-1
187,https://patentscope.wipo.int/search/en/detail.jsf?docId=US43518424&_cid=P22-MIZIF6-17177-1
188,https://patentscope.wipo.int/search/en/detail.jsf?docId=US38030708&_cid=P22-MIZIF6-17177-1
189,https://patentscope.wipo.int/search/en/detail.jsf?docId=WO1998029443&_cid=P22-MIZIF6-17177-1
190,https://patentscope.wipo.int/search/en/detail.jsf?docId=EP14654647&_cid=P22-MIZIF6-17177-1
191,https://patentscope.wipo.int/search/en/detail.jsf?docId=WO2005103211&_cid=P22-MIZIF6-17177-1
192,https://patentscope.wipo.int/search/en/detail.jsf?docId=EP46131636&_cid=P22-MIZIF6-17177-1
193,https://patentscope.wipo.int/search/en/detail.jsf?docId=IN211574411&_cid=P22-MIZIF6-17177-1
194,https://patentscope.wipo.int/search/en/detail.jsf?docId=WO2011004251&_cid=P22-MIZIF6-17177-1
195,https://patentscope.wipo.int/search/en/detail.jsf?docId=EP13815439&_cid=P22-MIZIF6-17177-1
196,https://patentscope.wipo.int/search/en/detail.jsf?docId=WO2011064395&_cid=P22-MIZIF6-17177-1
197,https://patentscope.wipo.int/search/en/detail.jsf?docId=US42757493&_cid=P22-MIZIF6-17177-1
198,https://patentscope.wipo.int/search/en/detail.jsf?docId=CA94363911&_cid=P22-MIZIF6-17177-1
199,https://patentscope.wipo.int/search/en/detail.jsf?docId=IN211745733&_cid=P22-MIZIF6-17177-1
200,https://patentscope.wipo.int/search/en/detail.jsf?docId=WO2007117597&_cid=P22-MIZIF6-17177-2
201,https://patentscope.wipo.int/search/en/detail.jsf?docId=KR92215484&_cid=P22-MIZIF6-17177-2
202,https://patentscope.wipo.int/search/en/detail.jsf?docId=EP173338984&_cid=P22-MIZIF6-17177-2
203,https://patentscope.wipo.int/search/en/detail.jsf?docId=WO2016071192&_cid=P22-MIZIF6-17177-2
204,https://patentscope.wipo.int/search/en/detail.jsf?docId=US40850956&_cid=P22-MIZIF6-17177-2
205,https://patentscope.wipo.int/search/en/detail.jsf?docId=IN211396633&_cid=P22-MIZIF6-17177-2
206,https://patentscope.wipo.int/search/en/detail.jsf?docId=WO2002030997&_cid=P22-MIZIF6-17177-2
207,https://patentscope.wipo.int/search/en/detail.jsf?docId=WO2004104031&_cid=P22-MIZIF6-17177-2
208,https://patentscope.wipo.int/search/en/detail.jsf?docId=WO1998029445&_cid=P22-MIZIF6-17177-2
209,https://patentscope.wipo.int/search/en/detail.jsf?docId=US40992400&_cid=P22-MIZIF6-17177-2
210,https://patentscope.wipo.int/search/en/detail.jsf?docId=US41622860&_cid=P22-MIZIF6-17177-2
211,https://patentscope.wipo.int/search/en/detail.jsf?docId=EP282506886&_cid=P22-MIZIF6-17177-2
212,https://patentscope.wipo.int/search/en/detail.jsf?docId=EP13212090&_cid=P22-MIZIF6-17177-2
213,https://patentscope.wipo.int/search/en/detail.jsf?docId=US39490930&_cid=P22-MIZIF6-17177-2
214,https://patentscope.wipo.int/search/en/detail.jsf?docId=CA93844745&_cid=P22-MIZIF6-17177-2
215,https://patentscope.wipo.int/search/en/detail.jsf?docId=WO1998013294&_cid=P22-MIZIF6-17177-2
216,https://patentscope.wipo.int/search/en/detail.jsf?docId=WO1991018454&_cid=P22-MIZIF6-17177-2
217,https://patentscope.wipo.int/search/en/detail.jsf?docId=EP57543595&_cid=P22-MIZIF6-17177-2
218,https://patentscope.wipo.int/search/en/detail.jsf?docId=IN211572382&_cid=P22-MIZIF6-17177-2
219,https://patentscope.wipo.int/search/en/detail.jsf?docId=WO2011017243&_cid=P22-MIZIF6-17177-2
220,https://patentscope.wipo.int/search/en/detail.jsf?docId=EP12084448&_cid=P22-MIZIF6-17177-2
221,https://patentscope.wipo.int/search/en/detail.jsf?docId=US36902244&_cid=P22-MIZIF6-17177-2
222,https://patentscope.wipo.int/search/en/detail.jsf?docId=WO2018118416&_cid=P22-MIZIF6-17177-2
223,https://patentscope.wipo.int/search/en/detail.jsf?docId=CA94367627&_cid=P22-MIZIF6-17177-2
224,https://patentscope.wipo.int/search/en/detail.jsf?docId=WO2024189106&_cid=P22-MIZIF6-17177-2
225,https://patentscope.wipo.int/search/en/detail.jsf?docId=WO2008069833&_cid=P22-MIZIF6-17177-2
226,https://patentscope.wipo.int/search/en/detail.jsf?docId=WO2017140684&_cid=P22-MIZIF6-17177-2
227,https://patentscope.wipo.int/search/en/detail.jsf?docId=WO2016131943&_cid=P22-MIZIF6-17177-2
228,https://patentscope.wipo.int/search/en/detail.jsf?docId=WO2016046321&_cid=P22-MIZIF6-17177-2
229,https://patentscope.wipo.int/search/en/detail.jsf?docId=WO2013153139&_cid=P22-MIZIF6-17177-2
230,https://patentscope.wipo.int/search/en/detail.jsf?docId=WO2019122339&_cid=P22-MIZIF6-17177-2
231,https://patentscope.wipo.int/search/en/detail.jsf?docId=WO2023152365&_cid=P22-MIZIF6-17177-2
232,https://patentscope.wipo.int/search/en/detail.jsf?docId=WO2023062092&_cid=P22-MIZIF6-17177-2
233,https://patentscope.wipo.int/search/en/detail.jsf?docId=WO2024094553&_cid=P22-MIZIF6-17177-2
234,https://patentscope.wipo.int/search/en/detail.jsf?docId=WO2017009263&_cid=P22-MIZIF6-17177-2
235,https://patentscope.wipo.int/search/en/detail.jsf?docId=WO2015155178&_cid=P22-MIZIF6-17177-2
236,https://patentscope.wipo.int/search/en/detail.jsf?docId=WO2017158050&_cid=P22-MIZIF6-17177-2
237,https://patentscope.wipo.int/search/en/detail.jsf?docId=WO2017158396&_cid=P22-MIZIF6-17177-2
238,https://patentscope.wipo.int/search/en/detail.jsf?docId=WO2020021300&_cid=P22-MIZIF6-17177-2
239,https://patentscope.wipo.int/search/en/detail.jsf?docId=WO2019077125&_cid=P22-MIZIF6-17177-2
240,https://patentscope.wipo.int/search/en/detail.jsf?docId=WO2019101995&_cid=P22-MIZIF6-17177-2
241,https://patentscope.wipo.int/search/en/detail.jsf?docId=WO2019158546&_cid=P22-MIZIF6-17177-2
242,https://patentscope.wipo.int/search/en/detail.jsf?docId=WO2023180245&_cid=P22-MIZIF6-17177-2
243,https://patentscope.wipo.int/search/en/detail.jsf?docId=WO2024023068&_cid=P22-MIZIF6-17177-2
244,https://patentscope.wipo.int/search/en/detail.jsf?docId=WO2024028476&_cid=P22-MIZIF6-17177-2
245,https://patentscope.wipo.int/search/en/detail.jsf?docId=WO2021123300&_cid=P22-MIZIF6-17177-2
246,https://patentscope.wipo.int/search/en/detail.jsf?docId=WO2024175604&_cid=P22-MIZIF6-17177-2
247,https://patentscope.wipo.int/search/en/detail.jsf?docId=WO2025242860&_cid=P22-MIZIF6-17177-2
248,https://patentscope.wipo.int/search/en/detail.jsf?docId=WO1996033915&_cid=P22-MIZIF6-17177-2
249,https://patentscope.wipo.int/search/en/detail.jsf?docId=WO2010136570&_cid=P22-MIZIF6-17177-2
250,https://patentscope.wipo.int/search/en/detail.jsf?docId=US40064629&_cid=P22-MIZIF6-17177-2
251,https://patentscope.wipo.int/search/en/detail.jsf?docId=US36791065&_cid=P22-MIZIF6-17177-2
252,https://patentscope.wipo.int/search/en/detail.jsf?docId=WO2016046414&_cid=P22-MIZIF6-17177-2
253,https://patentscope.wipo.int/search/en/detail.jsf?docId=WO2014033245&_cid=P22-MIZIF6-17177-2
254,https://patentscope.wipo.int/search/en/detail.jsf?docId=WO2014053315&_cid=P22-MIZIF6-17177-2
255,https://patentscope.wipo.int/search/en/detail.jsf?docId=WO2018210418&_cid=P22-MIZIF6-17177-2
256,https://patentscope.wipo.int/search/en/detail.jsf?docId=WO2017134116&_cid=P22-MIZIF6-17177-2
257,https://patentscope.wipo.int/search/en/detail.jsf?docId=WO2019238933&_cid=P22-MIZIF6-17177-2
258,https://patentscope.wipo.int/search/en/detail.jsf?docId=WO2022084327&_cid=P22-MIZIF6-17177-2
259,https://patentscope.wipo.int/search/en/detail.jsf?docId=WO2024184479&_cid=P22-MIZIF6-17177-2
260,https://patentscope.wipo.int/search/en/detail.jsf?docId=WO2018011107&_cid=P22-MIZIF6-17177-2
261,https://patentscope.wipo.int/search/en/detail.jsf?docId=WO2015055857&_cid=P22-MIZIF6-17177-2
262,https://patentscope.wipo.int/search/en/detail.jsf?docId=WO2015155323&_cid=P22-MIZIF6-17177-2
263,https://patentscope.wipo.int/search/en/detail.jsf?docId=WO2019149736&_cid=P22-MIZIF6-17177-2
264,https://patentscope.wipo.int/search/en/detail.jsf?docId=WO2019038420&_cid=P22-MIZIF6-17177-2
265,https://patentscope.wipo.int/search/en/detail.jsf?docId=WO2007113657&_cid=P22-MIZIF6-17177-2
266,https://patentscope.wipo.int/search/en/detail.jsf?docId=WO2021089791&_cid=P22-MIZIF6-17177-2
267,https://patentscope.wipo.int/search/en/detail.jsf?docId=WO2016079057&_cid=P22-MIZIF6-17177-2
268,https://patentscope.wipo.int/search/en/detail.jsf?docId=WO2017129769&_cid=P22-MIZIF6-17177-2
269,https://patentscope.wipo.int/search/en/detail.jsf?docId=WO2020208060&_cid=P22-MIZIF6-17177-2
270,https://patentscope.wipo.int/search/en/detail.jsf?docId=WO2024023063&_cid=P22-MIZIF6-17177-2
271,https://patentscope.wipo.int/search/en/detail.jsf?docId=US42901156&_cid=P22-MIZIF6-17177-2
272,https://patentscope.wipo.int/search/en/detail.jsf?docId=EP15049754&_cid=P22-MIZIF6-17177-2
273,https://patentscope.wipo.int/search/en/detail.jsf?docId=EP82249755&_cid=P22-MIZIF6-17177-2
274,https://patentscope.wipo.int/search/en/detail.jsf?docId=EP159711844&_cid=P22-MIZIF6-17177-2
275,https://patentscope.wipo.int/search/en/detail.jsf?docId=GB443361044&_cid=P22-MIZIF6-17177-2
276,https://patentscope.wipo.int/search/en/detail.jsf?docId=WO2014154658&_cid=P22-MIZIF6-17177-2
277,https://patentscope.wipo.int/search/en/detail.jsf?docId=US36855905&_cid=P22-MIZIF6-17177-2
278,https://patentscope.wipo.int/search/en/detail.jsf?docId=EP398489627&_cid=P22-MIZIF6-17177-2
279,https://patentscope.wipo.int/search/en/detail.jsf?docId=US37159201&_cid=P22-MIZIF6-17177-2
280,https://patentscope.wipo.int/search/en/detail.jsf?docId=US38010033&_cid=P22-MIZIF6-17177-2
281,https://patentscope.wipo.int/search/en/detail.jsf?docId=WO2015106824&_cid=P22-MIZIF6-17177-2
282,https://patentscope.wipo.int/search/en/detail.jsf?docId=CA94435667&_cid=P22-MIZIF6-17177-2
283,https://patentscope.wipo.int/search/en/detail.jsf?docId=WO2012171997&_cid=P22-MIZIF6-17177-2
284,https://patentscope.wipo.int/search/en/detail.jsf?docId=WO2014111744&_cid=P22-MIZIF6-17177-2
285,https://patentscope.wipo.int/search/en/detail.jsf?docId=WO2014023436&_cid=P22-MIZIF6-17177-2
286,https://patentscope.wipo.int/search/en/detail.jsf?docId=WO2007069089&_cid=P22-MIZIF6-17177-2
287,https://patentscope.wipo.int/search/en/detail.jsf?docId=WO2015124691&_cid=P22-MIZIF6-17177-2
288,https://patentscope.wipo.int/search/en/detail.jsf?docId=WO2017182584&_cid=P22-MIZIF6-17177-2
289,https://patentscope.wipo.int/search/en/detail.jsf?docId=WO2020193746&_cid=P22-MIZIF6-17177-2
290,https://patentscope.wipo.int/search/en/detail.jsf?docId=WO2019238934&_cid=P22-MIZIF6-17177-2
291,https://patentscope.wipo.int/search/en/detail.jsf?docId=WO2019115473&_cid=P22-MIZIF6-17177-2
292,https://patentscope.wipo.int/search/en/detail.jsf?docId=WO2020227828&_cid=P22-MIZIF6-17177-2
293,https://patentscope.wipo.int/search/en/detail.jsf?docId=WO2023175136&_cid=P22-MIZIF6-17177-2
294,https://patentscope.wipo.int/search/en/detail.jsf?docId=WO2023104915&_cid=P22-MIZIF6-17177-2
295,https://patentscope.wipo.int/search/en/detail.jsf?docId=WO2018020000&_cid=P22-MIZIF6-17177-2
296,https://patentscope.wipo.int/search/en/detail.jsf?docId=WO2023209073&_cid=P22-MIZIF6-17177-2
297,https://patentscope.wipo.int/search/en/detail.jsf?docId=US37145592&_cid=P22-MIZIF6-17177-2
298,https://patentscope.wipo.int/search/en/detail.jsf?docId=WO2012129055&_cid=P22-MIZIF6-17177-2
299,https://patentscope.wipo.int/search/en/detail.jsf?docId=WO2022228754&_cid=P22-MIZIF6-17177-2
300,https://patentscope.wipo.int/search/en/detail.jsf?docId=WO2006002850&_cid=P22-MIZIF6-17177-2
301,https://patentscope.wipo.int/search/en/detail.jsf?docId=WO2006064376&_cid=P22-MIZIF6-17177-2
302,https://patentscope.wipo.int/search/en/detail.jsf?docId=GB178302762&_cid=P22-MIZIF6-17177-2
303,https://patentscope.wipo.int/search/en/detail.jsf?docId=EP209997620&_cid=P22-MIZIF6-17177-2
304,https://patentscope.wipo.int/search/en/detail.jsf?docId=IN211834444&_cid=P22-MIZIF6-17177-2
305,https://patentscope.wipo.int/search/en/detail.jsf?docId=WO2016139452&_cid=P22-MIZIF6-17177-2
306,https://patentscope.wipo.int/search/en/detail.jsf?docId=WO2014167083&_cid=P22-MIZIF6-17177-2
307,https://patentscope.wipo.int/search/en/detail.jsf?docId=WO2015158760&_cid=P22-MIZIF6-17177-2
308,https://patentscope.wipo.int/search/en/detail.jsf?docId=WO2014023820&_cid=P22-MIZIF6-17177-2
309,https://patentscope.wipo.int/search/en/detail.jsf?docId=WO2016139331&_cid=P22-MIZIF6-17177-2
310,https://patentscope.wipo.int/search/en/detail.jsf?docId=WO2012164035&_cid=P22-MIZIF6-17177-2
311,https://patentscope.wipo.int/search/en/detail.jsf?docId=WO2021099600&_cid=P22-MIZIF6-17177-2
312,https://patentscope.wipo.int/search/en/detail.jsf?docId=WO2019008136&_cid=P22-MIZIF6-17177-2
313,https://patentscope.wipo.int/search/en/detail.jsf?docId=WO2022162164&_cid=P22-MIZIF6-17177-2
314,https://patentscope.wipo.int/search/en/detail.jsf?docId=WO2014072446&_cid=P22-MIZIF6-17177-2
315,https://patentscope.wipo.int/search/en/detail.jsf?docId=WO2020165157&_cid=P22-MIZIF6-17177-2
316,https://patentscope.wipo.int/search/en/detail.jsf?docId=WO2023237453&_cid=P22-MIZIF6-17177-2
317,https://patentscope.wipo.int/search/en/detail.jsf?docId=WO2022214681&_cid=P22-MIZIF6-17177-2
318,https://patentscope.wipo.int/search/en/detail.jsf?docId=WO2017125406&_cid=P22-MIZIF6-17177-2
319,https://patentscope.wipo.int/search/en/detail.jsf?docId=WO2025011750&_cid=P22-MIZIF6-17177-2
320,https://patentscope.wipo.int/search/en/detail.jsf?docId=WO1999057325&_cid=P22-MIZIF6-17177-2
321,https://patentscope.wipo.int/search/en/detail.jsf?docId=EP30910156&_cid=P22-MIZIF6-17177-2
322,https://patentscope.wipo.int/search/en/detail.jsf?docId=WO2015173259&_cid=P22-MIZIF6-17177-2
323,https://patentscope.wipo.int/search/en/detail.jsf?docId=WO2016034742&_cid=P22-MIZIF6-17177-2
324,https://patentscope.wipo.int/search/en/detail.jsf?docId=WO2016131944&_cid=P22-MIZIF6-17177-2
325,https://patentscope.wipo.int/search/en/detail.jsf?docId=WO2014195456&_cid=P22-MIZIF6-17177-2
326,https://patentscope.wipo.int/search/en/detail.jsf?docId=WO2015022401&_cid=P22-MIZIF6-17177-2
327,https://patentscope.wipo.int/search/en/detail.jsf?docId=WO2014147246&_cid=P22-MIZIF6-17177-2
328,https://patentscope.wipo.int/search/en/detail.jsf?docId=WO2014013051&_cid=P22-MIZIF6-17177-2
329,https://patentscope.wipo.int/search/en/detail.jsf?docId=WO2020104635&_cid=P22-MIZIF6-17177-2
330,https://patentscope.wipo.int/search/en/detail.jsf?docId=WO2021116389&_cid=P22-MIZIF6-17177-2
331,https://patentscope.wipo.int/search/en/detail.jsf?docId=WO2019072885&_cid=P22-MIZIF6-17177-2
332,https://patentscope.wipo.int/search/en/detail.jsf?docId=WO2018019862&_cid=P22-MIZIF6-17177-2
333,https://patentscope.wipo.int/search/en/detail.jsf?docId=WO2022049273&_cid=P22-MIZIF6-17177-2
334,https://patentscope.wipo.int/search/en/detail.jsf?docId=WO2018197666&_cid=P22-MIZIF6-17177-2
335,https://patentscope.wipo.int/search/en/detail.jsf?docId=WO2017122039&_cid=P22-MIZIF6-17177-2
336,https://patentscope.wipo.int/search/en/detail.jsf?docId=WO2010049817&_cid=P22-MIZIF6-17177-2
337,https://patentscope.wipo.int/search/en/detail.jsf?docId=WO2023217811&_cid=P22-MIZIF6-17177-2
338,https://patentscope.wipo.int/search/en/detail.jsf?docId=WO2025037005&_cid=P22-MIZIF6-17177-2
339,https://patentscope.wipo.int/search/en/detail.jsf?docId=US37021908&_cid=P22-MIZIF6-17177-2
340,https://patentscope.wipo.int/search/en/detail.jsf?docId=KR95448868&_cid=P22-MIZIF6-17177-2
341,https://patentscope.wipo.int/search/en/detail.jsf?docId=EP225274127&_cid=P22-MIZIF6-17177-2
342,https://patentscope.wipo.int/search/en/detail.jsf?docId=WO2001064724&_cid=P22-MIZIF6-17177-2
343,https://patentscope.wipo.int/search/en/detail.jsf?docId=WO2002020596&_cid=P22-MIZIF6-17177-2
344,https://patentscope.wipo.int/search/en/detail.jsf?docId=WO2008063700&_cid=P22-MIZIF6-17177-2
345,https://patentscope.wipo.int/search/en/detail.jsf?docId=EP15069543&_cid=P22-MIZIF6-17177-2
346,https://patentscope.wipo.int/search/en/detail.jsf?docId=US41599659&_cid=P22-MIZIF6-17177-2
347,https://patentscope.wipo.int/search/en/detail.jsf?docId=KR92254058&_cid=P22-MIZIF6-17177-2
348,https://patentscope.wipo.int/search/en/detail.jsf?docId=IN211608473&_cid=P22-MIZIF6-17177-2
349,https://patentscope.wipo.int/search/en/detail.jsf?docId=WO2007059777&_cid=P22-MIZIF6-17177-2
350,https://patentscope.wipo.int/search/en/detail.jsf?docId=WO2011115739&_cid=P22-MIZIF6-17177-2
351,https://patentscope.wipo.int/search/en/detail.jsf?docId=IN211637738&_cid=P22-MIZIF6-17177-2
352,https://patentscope.wipo.int/search/en/detail.jsf?docId=EP377624902&_cid=P22-MIZIF6-17177-2
353,https://patentscope.wipo.int/search/en/detail.jsf?docId=US43778405&_cid=P22-MIZIF6-17177-2
354,https://patentscope.wipo.int/search/en/detail.jsf?docId=CA93471677&_cid=P22-MIZIF6-17177-2
355,https://patentscope.wipo.int/search/en/detail.jsf?docId=EP131259418&_cid=P22-MIZIF6-17177-2
356,https://patentscope.wipo.int/search/en/detail.jsf?docId=CA124240117&_cid=P22-MIZIF6-17177-2
357,https://patentscope.wipo.int/search/en/detail.jsf?docId=US39263290&_cid=P22-MIZIF6-17177-2
358,https://patentscope.wipo.int/search/en/detail.jsf?docId=IN334775447&_cid=P22-MIZIF6-17177-2
359,https://patentscope.wipo.int/search/en/detail.jsf?docId=US37210501&_cid=P22-MIZIF6-17177-2
360,https://patentscope.wipo.int/search/en/detail.jsf?docId=KR20884719&_cid=P22-MIZIF6-17177-2
361,https://patentscope.wipo.int/search/en/detail.jsf?docId=CA94714350&_cid=P22-MIZIF6-17177-2
362,https://patentscope.wipo.int/search/en/detail.jsf?docId=EP90566588&_cid=P22-MIZIF6-17177-2
363,https://patentscope.wipo.int/search/en/detail.jsf?docId=CA93589349&_cid=P22-MIZIF6-17177-2
364,https://patentscope.wipo.int/search/en/detail.jsf?docId=NZ179116171&_cid=P22-MIZIF6-17177-2
365,https://patentscope.wipo.int/search/en/detail.jsf?docId=IN211588702&_cid=P22-MIZIF6-17177-2
366,https://patentscope.wipo.int/search/en/detail.jsf?docId=WO2012001401&_cid=P22-MIZIF6-17177-2
367,https://patentscope.wipo.int/search/en/detail.jsf?docId=CA205113944&_cid=P22-MIZIF6-17177-2
368,https://patentscope.wipo.int/search/en/detail.jsf?docId=EP12024510&_cid=P22-MIZIF6-17177-2
369,https://patentscope.wipo.int/search/en/detail.jsf?docId=US36857387&_cid=P22-MIZIF6-17177-2
370,https://patentscope.wipo.int/search/en/detail.jsf?docId=WO2016185003&_cid=P22-MIZIF6-17177-2
371,https://patentscope.wipo.int/search/en/detail.jsf?docId=WO2017191300&_cid=P22-MIZIF6-17177-2
372,https://patentscope.wipo.int/search/en/detail.jsf?docId=WO2018146171&_cid=P22-MIZIF6-17177-2
373,https://patentscope.wipo.int/search/en/detail.jsf?docId=WO2019057649&_cid=P22-MIZIF6-17177-2
374,https://patentscope.wipo.int/search/en/detail.jsf?docId=WO2020064597&_cid=P22-MIZIF6-17177-2
375,https://patentscope.wipo.int/search/en/detail.jsf?docId=WO2022053469&_cid=P22-MIZIF6-17177-2
376,https://patentscope.wipo.int/search/en/detail.jsf?docId=WO2020165315&_cid=P22-MIZIF6-17177-2
377,https://patentscope.wipo.int/search/en/detail.jsf?docId=WO2021043724&_cid=P22-MIZIF6-17177-2
378,https://patentscope.wipo.int/search/en/detail.jsf?docId=WO2022229433&_cid=P22-MIZIF6-17177-2
379,https://patentscope.wipo.int/search/en/detail.jsf?docId=WO2021250231&_cid=P22-MIZIF6-17177-2
380,https://patentscope.wipo.int/search/en/detail.jsf?docId=WO2024160746&_cid=P22-MIZIF6-17177-2
381,https://patentscope.wipo.int/search/en/detail.jsf?docId=WO2024146880&_cid=P22-MIZIF6-17177-2
382,https://patentscope.wipo.int/search/en/detail.jsf?docId=WO2025016996&_cid=P22-MIZIF6-17177-2
383,https://patentscope.wipo.int/search/en/detail.jsf?docId=WO2016124568&_cid=P22-MIZIF6-17177-2
384,https://patentscope.wipo.int/search/en/detail.jsf?docId=EP15071338&_cid=P22-MIZIF6-17177-2
385,https://patentscope.wipo.int/search/en/detail.jsf?docId=US37498599&_cid=P22-MIZIF6-17177-2
386,https://patentscope.wipo.int/search/en/detail.jsf?docId=US36937739&_cid=P22-MIZIF6-17177-2
387,https://patentscope.wipo.int/search/en/detail.jsf?docId=KR20127165&_cid=P22-MIZIF6-17177-2
388,https://patentscope.wipo.int/search/en/detail.jsf?docId=CA161866121&_cid=P22-MIZIF6-17177-2
389,https://patentscope.wipo.int/search/en/detail.jsf?docId=EP413555366&_cid=P22-MIZIF6-17177-2
390,https://patentscope.wipo.int/search/en/detail.jsf?docId=US36842830&_cid=P22-MIZIF6-17177-2
391,https://patentscope.wipo.int/search/en/detail.jsf?docId=EP456567049&_cid=P22-MIZIF6-17177-2
392,https://patentscope.wipo.int/search/en/detail.jsf?docId=EP11494942&_cid=P22-MIZIF6-17177-2
393,https://patentscope.wipo.int/search/en/detail.jsf?docId=KR92202775&_cid=P22-MIZIF6-17177-2
394,https://patentscope.wipo.int/search/en/detail.jsf?docId=KR19741216&_cid=P22-MIZIF6-17177-2
395,https://patentscope.wipo.int/search/en/detail.jsf?docId=CA94402986&_cid=P22-MIZIF6-17177-2
396,https://patentscope.wipo.int/search/en/detail.jsf?docId=EP123434283&_cid=P22-MIZIF6-17177-2
397,https://patentscope.wipo.int/search/en/detail.jsf?docId=KR74219807&_cid=P22-MIZIF6-17177-2
398,https://patentscope.wipo.int/search/en/detail.jsf?docId=KR45548426&_cid=P22-MIZIF6-17177-2
399,https://patentscope.wipo.int/search/en/detail.jsf?docId=US43448926&_cid=P22-MIZIF6-17177-2
400,https://patentscope.wipo.int/search/en/detail.jsf?docId=US36842827&_cid=P22-MIZIF6-17177-3
401,https://patentscope.wipo.int/search/en/detail.jsf?docId=US42339629&_cid=P22-MIZIF6-17177-3
402,https://patentscope.wipo.int/search/en/detail.jsf?docId=IN211674165&_cid=P22-MIZIF6-17177-3
403,https://patentscope.wipo.int/search/en/detail.jsf?docId=EP14890872&_cid=P22-MIZIF6-17177-3
404,https://patentscope.wipo.int/search/en/detail.jsf?docId=WO2024121585&_cid=P22-MIZIF6-17177-3
405,https://patentscope.wipo.int/search/en/detail.jsf?docId=CA93461799&_cid=P22-MIZIF6-17177-3
406,https://patentscope.wipo.int/search/en/detail.jsf?docId=CA93487725&_cid=P22-MIZIF6-17177-3
407,https://patentscope.wipo.int/search/en/detail.jsf?docId=CA93546683&_cid=P22-MIZIF6-17177-3
408,https://patentscope.wipo.int/search/en/detail.jsf?docId=IN211769732&_cid=P22-MIZIF6-17177-3
409,https://patentscope.wipo.int/search/en/detail.jsf?docId=WO1979000290&_cid=P22-MIZIF6-17177-3
410,https://patentscope.wipo.int/search/en/detail.jsf?docId=WO2014209237&_cid=P22-MIZIF6-17177-3
411,https://patentscope.wipo.int/search/en/detail.jsf?docId=CA205114197&_cid=P22-MIZIF6-17177-3
412,https://patentscope.wipo.int/search/en/detail.jsf?docId=WO2013050441&_cid=P22-MIZIF6-17177-3
413,https://patentscope.wipo.int/search/en/detail.jsf?docId=WO2020229648&_cid=P22-MIZIF6-17177-3
414,https://patentscope.wipo.int/search/en/detail.jsf?docId=WO2018019990&_cid=P22-MIZIF6-17177-3
415,https://patentscope.wipo.int/search/en/detail.jsf?docId=WO2020053380&_cid=P22-MIZIF6-17177-3
416,https://patentscope.wipo.int/search/en/detail.jsf?docId=WO2021009336&_cid=P22-MIZIF6-17177-3
417,https://patentscope.wipo.int/search/en/detail.jsf?docId=WO2024023066&_cid=P22-MIZIF6-17177-3
418,https://patentscope.wipo.int/search/en/detail.jsf?docId=WO2022128918&_cid=P22-MIZIF6-17177-3
419,https://patentscope.wipo.int/search/en/detail.jsf?docId=WO2019129743&_cid=P22-MIZIF6-17177-3
420,https://patentscope.wipo.int/search/en/detail.jsf?docId=WO2021001426&_cid=P22-MIZIF6-17177-3
421,https://patentscope.wipo.int/search/en/detail.jsf?docId=WO2024170500&_cid=P22-MIZIF6-17177-3
422,https://patentscope.wipo.int/search/en/detail.jsf?docId=WO2022084273&_cid=P22-MIZIF6-17177-3
423,https://patentscope.wipo.int/search/en/detail.jsf?docId=US37328409&_cid=P22-MIZIF6-17177-3
424,https://patentscope.wipo.int/search/en/detail.jsf?docId=US36846703&_cid=P22-MIZIF6-17177-3
425,https://patentscope.wipo.int/search/en/detail.jsf?docId=EP46981367&_cid=P22-MIZIF6-17177-3
426,https://patentscope.wipo.int/search/en/detail.jsf?docId=CA93563738&_cid=P22-MIZIF6-17177-3
427,https://patentscope.wipo.int/search/en/detail.jsf?docId=IN211565367&_cid=P22-MIZIF6-17177-3
428,https://patentscope.wipo.int/search/en/detail.jsf?docId=WO2011017242&_cid=P22-MIZIF6-17177-3
429,https://patentscope.wipo.int/search/en/detail.jsf?docId=WO2018104263&_cid=P22-MIZIF6-17177-3
430,https://patentscope.wipo.int/search/en/detail.jsf?docId=WO2016151018&_cid=P22-MIZIF6-17177-3
431,https://patentscope.wipo.int/search/en/detail.jsf?docId=WO2016066671&_cid=P22-MIZIF6-17177-3
432,https://patentscope.wipo.int/search/en/detail.jsf?docId=WO2017103178&_cid=P22-MIZIF6-17177-3
433,https://patentscope.wipo.int/search/en/detail.jsf?docId=WO2018046736&_cid=P22-MIZIF6-17177-3
434,https://patentscope.wipo.int/search/en/detail.jsf?docId=WO2013164444&_cid=P22-MIZIF6-17177-3
435,https://patentscope.wipo.int/search/en/detail.jsf?docId=WO2015082666&_cid=P22-MIZIF6-17177-3
436,https://patentscope.wipo.int/search/en/detail.jsf?docId=WO2018138106&_cid=P22-MIZIF6-17177-3
437,https://patentscope.wipo.int/search/en/detail.jsf?docId=WO2016207313&_cid=P22-MIZIF6-17177-3
438,https://patentscope.wipo.int/search/en/detail.jsf?docId=WO2018202850&_cid=P22-MIZIF6-17177-3
439,https://patentscope.wipo.int/search/en/detail.jsf?docId=WO2015063331&_cid=P22-MIZIF6-17177-3
440,https://patentscope.wipo.int/search/en/detail.jsf?docId=WO2018234546&_cid=P22-MIZIF6-17177-3
441,https://patentscope.wipo.int/search/en/detail.jsf?docId=WO2025032112&_cid=P22-MIZIF6-17177-3
442,https://patentscope.wipo.int/search/en/detail.jsf?docId=WO2019162325&_cid=P22-MIZIF6-17177-3
443,https://patentscope.wipo.int/search/en/detail.jsf?docId=WO2021001427&_cid=P22-MIZIF6-17177-3
444,https://patentscope.wipo.int/search/en/detail.jsf?docId=WO2024184381&_cid=P22-MIZIF6-17177-3
445,https://patentscope.wipo.int/search/en/detail.jsf?docId=WO2025202279&_cid=P22-MIZIF6-17177-3
446,https://patentscope.wipo.int/search/en/detail.jsf?docId=GB457245906&_cid=P22-MIZIF6-17177-3
447,https://patentscope.wipo.int/search/en/detail.jsf?docId=WO2020064764&_cid=P22-MIZIF6-17177-3
448,https://patentscope.wipo.int/search/en/detail.jsf?docId=WO2018019840&_cid=P22-MIZIF6-17177-3
449,https://patentscope.wipo.int/search/en/detail.jsf?docId=WO2021018899&_cid=P22-MIZIF6-17177-3
450,https://patentscope.wipo.int/search/en/detail.jsf?docId=WO2020109355&_cid=P22-MIZIF6-17177-3
451,https://patentscope.wipo.int/search/en/detail.jsf?docId=WO2022207919&_cid=P22-MIZIF6-17177-3
452,https://patentscope.wipo.int/search/en/detail.jsf?docId=WO2018054960&_cid=P22-MIZIF6-17177-3
453,https://patentscope.wipo.int/search/en/detail.jsf?docId=WO2018055080&_cid=P22-MIZIF6-17177-3
454,https://patentscope.wipo.int/search/en/detail.jsf?docId=WO2024074617&_cid=P22-MIZIF6-17177-3
455,https://patentscope.wipo.int/search/en/detail.jsf?docId=WO2023230158&_cid=P22-MIZIF6-17177-3
456,https://patentscope.wipo.int/search/en/detail.jsf?docId=WO2012137051&_cid=P22-MIZIF6-17177-3
457,https://patentscope.wipo.int/search/en/detail.jsf?docId=US36785748&_cid=P22-MIZIF6-17177-3
458,https://patentscope.wipo.int/search/en/detail.jsf?docId=US41880374&_cid=P22-MIZIF6-17177-3
459,https://patentscope.wipo.int/search/en/detail.jsf?docId=US41488643&_cid=P22-MIZIF6-17177-3
460,https://patentscope.wipo.int/search/en/detail.jsf?docId=KR92274370&_cid=P22-MIZIF6-17177-3
461,https://patentscope.wipo.int/search/en/detail.jsf?docId=WO1997043207&_cid=P22-MIZIF6-17177-3
462,https://patentscope.wipo.int/search/en/detail.jsf?docId=WO2013040625&_cid=P22-MIZIF6-17177-3
463,https://patentscope.wipo.int/search/en/detail.jsf?docId=WO2022226063&_cid=P22-MIZIF6-17177-3
464,https://patentscope.wipo.int/search/en/detail.jsf?docId=WO2010018211&_cid=P22-MIZIF6-17177-3
465,https://patentscope.wipo.int/search/en/detail.jsf?docId=WO2014023819&_cid=P22-MIZIF6-17177-3
466,https://patentscope.wipo.int/search/en/detail.jsf?docId=WO2011058143&_cid=P22-MIZIF6-17177-3
467,https://patentscope.wipo.int/search/en/detail.jsf?docId=WO2015104284&_cid=P22-MIZIF6-17177-3
468,https://patentscope.wipo.int/search/en/detail.jsf?docId=WO2016113233&_cid=P22-MIZIF6-17177-3
469,https://patentscope.wipo.int/search/en/detail.jsf?docId=WO2012131099&_cid=P22-MIZIF6-17177-3
470,https://patentscope.wipo.int/search/en/detail.jsf?docId=WO2019073031&_cid=P22-MIZIF6-17177-3
471,https://patentscope.wipo.int/search/en/detail.jsf?docId=WO2018046738&_cid=P22-MIZIF6-17177-3
472,https://patentscope.wipo.int/search/en/detail.jsf?docId=WO2020144335&_cid=P22-MIZIF6-17177-3
473,https://patentscope.wipo.int/search/en/detail.jsf?docId=WO2018185030&_cid=P22-MIZIF6-17177-3
474,https://patentscope.wipo.int/search/en/detail.jsf?docId=WO2021250193&_cid=P22-MIZIF6-17177-3
475,https://patentscope.wipo.int/search/en/detail.jsf?docId=WO2022200568&_cid=P22-MIZIF6-17177-3
476,https://patentscope.wipo.int/search/en/detail.jsf?docId=WO2018146253&_cid=P22-MIZIF6-17177-3
477,https://patentscope.wipo.int/search/en/detail.jsf?docId=WO2017129790&_cid=P22-MIZIF6-17177-3
478,https://patentscope.wipo.int/search/en/detail.jsf?docId=WO2025162980&_cid=P22-MIZIF6-17177-3
479,https://patentscope.wipo.int/search/en/detail.jsf?docId=WO2023198878&_cid=P22-MIZIF6-17177-3
480,https://patentscope.wipo.int/search/en/detail.jsf?docId=WO2014111467&_cid=P22-MIZIF6-17177-3
481,https://patentscope.wipo.int/search/en/detail.jsf?docId=WO2025125206&_cid=P22-MIZIF6-17177-3
482,https://patentscope.wipo.int/search/en/detail.jsf?docId=WO2015189116&_cid=P22-MIZIF6-17177-3
483,https://patentscope.wipo.int/search/en/detail.jsf?docId=WO2015144924&_cid=P22-MIZIF6-17177-3
484,https://patentscope.wipo.int/search/en/detail.jsf?docId=WO2015044333&_cid=P22-MIZIF6-17177-3
485,https://patentscope.wipo.int/search/en/detail.jsf?docId=WO2017072165&_cid=P22-MIZIF6-17177-3
486,https://patentscope.wipo.int/search/en/detail.jsf?docId=WO2019115576&_cid=P22-MIZIF6-17177-3
487,https://patentscope.wipo.int/search/en/detail.jsf?docId=WO2018109146&_cid=P22-MIZIF6-17177-3
488,https://patentscope.wipo.int/search/en/detail.jsf?docId=WO2022063786&_cid=P22-MIZIF6-17177-3
489,https://patentscope.wipo.int/search/en/detail.jsf?docId=WO2022229432&_cid=P22-MIZIF6-17177-3
490,https://patentscope.wipo.int/search/en/detail.jsf?docId=WO2021005059&_cid=P22-MIZIF6-17177-3
491,https://patentscope.wipo.int/search/en/detail.jsf?docId=WO2022175319&_cid=P22-MIZIF6-17177-3
492,https://patentscope.wipo.int/search/en/detail.jsf?docId=WO2024133285&_cid=P22-MIZIF6-17177-3
493,https://patentscope.wipo.int/search/en/detail.jsf?docId=WO2025078851&_cid=P22-MIZIF6-17177-3
494,https://patentscope.wipo.int/search/en/detail.jsf?docId=WO2020188015&_cid=P22-MIZIF6-17177-3
495,https://patentscope.wipo.int/search/en/detail.jsf?docId=WO2019234197&_cid=P22-MIZIF6-17177-3
496,https://patentscope.wipo.int/search/en/detail.jsf?docId=WO2024175760&_cid=P22-MIZIF6-17177-3
497,https://patentscope.wipo.int/search/en/detail.jsf?docId=US36979301&_cid=P22-MIZIF6-17177-3
498,https://patentscope.wipo.int/search/en/detail.jsf?docId=CA93570871&_cid=P22-MIZIF6-17177-3
499,https://patentscope.wipo.int/search/en/detail.jsf?docId=CA94254402&_cid=P22-MIZIF6-17177-3
500,https://patentscope.wipo.int/search/en/detail.jsf?docId=EP14709897&_cid=P22-MIZIF6-17177-3
501,https://patentscope.wipo.int/search/en/detail.jsf?docId=US36338492&_cid=P22-MIZIF6-17177-3
502,https://patentscope.wipo.int/search/en/detail.jsf?docId=US40697052&_cid=P22-MIZIF6-17177-3
503,https://patentscope.wipo.int/search/en/detail.jsf?docId=KR75117550&_cid=P22-MIZIF6-17177-3
504,https://patentscope.wipo.int/search/en/detail.jsf?docId=CA93448271&_cid=P22-MIZIF6-17177-3
505,https://patentscope.wipo.int/search/en/detail.jsf?docId=WO2016146815&_cid=P22-MIZIF6-17177-3
506,https://patentscope.wipo.int/search/en/detail.jsf?docId=WO2024254680&_cid=P22-MIZIF6-17177-3
507,https://patentscope.wipo.int/search/en/detail.jsf?docId=US36923206&_cid=P22-MIZIF6-17177-3
508,https://patentscope.wipo.int/search/en/detail.jsf?docId=EP12830570&_cid=P22-MIZIF6-17177-3
509,https://patentscope.wipo.int/search/en/detail.jsf?docId=EP13349617&_cid=P22-MIZIF6-17177-3
510,https://patentscope.wipo.int/search/en/detail.jsf?docId=US36877835&_cid=P22-MIZIF6-17177-3
511,https://patentscope.wipo.int/search/en/detail.jsf?docId=US36955016&_cid=P22-MIZIF6-17177-3
512,https://patentscope.wipo.int/search/en/detail.jsf?docId=IN295989572&_cid=P22-MIZIF6-17177-3
513,https://patentscope.wipo.int/search/en/detail.jsf?docId=WO2018234058&_cid=P22-MIZIF6-17177-3
514,https://patentscope.wipo.int/search/en/detail.jsf?docId=EP235779889&_cid=P22-MIZIF6-17177-3
515,https://patentscope.wipo.int/search/en/detail.jsf?docId=EP11427171&_cid=P22-MIZIF6-17177-3
516,https://patentscope.wipo.int/search/en/detail.jsf?docId=US37000863&_cid=P22-MIZIF6-17177-3
517,https://patentscope.wipo.int/search/en/detail.jsf?docId=WO2015055349&_cid=P22-MIZIF6-17177-3
518,https://patentscope.wipo.int/search/en/detail.jsf?docId=WO1999046196&_cid=P22-MIZIF6-17177-3
519,https://patentscope.wipo.int/search/en/detail.jsf?docId=WO2004106362&_cid=P22-MIZIF6-17177-3
520,https://patentscope.wipo.int/search/en/detail.jsf?docId=WO2018112653&_cid=P22-MIZIF6-17177-3
521,https://patentscope.wipo.int/search/en/detail.jsf?docId=CA248190527&_cid=P22-MIZIF6-17177-3
522,https://patentscope.wipo.int/search/en/detail.jsf?docId=EP14473916&_cid=P22-MIZIF6-17177-3
523,https://patentscope.wipo.int/search/en/detail.jsf?docId=WO2004093214&_cid=P22-MIZIF6-17177-3
524,https://patentscope.wipo.int/search/en/detail.jsf?docId=US42181516&_cid=P22-MIZIF6-17177-3
525,https://patentscope.wipo.int/search/en/detail.jsf?docId=IN224133896&_cid=P22-MIZIF6-17177-3
526,https://patentscope.wipo.int/search/en/detail.jsf?docId=IN276072365&_cid=P22-MIZIF6-17177-3
527,https://patentscope.wipo.int/search/en/detail.jsf?docId=EP283493938&_cid=P22-MIZIF6-17177-3
528,https://patentscope.wipo.int/search/en/detail.jsf?docId=NL441069541&_cid=P22-MIZIF6-17177-3
529,https://patentscope.wipo.int/search/en/detail.jsf?docId=CA219977557&_cid=P22-MIZIF6-17177-3
530,https://patentscope.wipo.int/search/en/detail.jsf?docId=EP232156176&_cid=P22-MIZIF6-17177-3
531,https://patentscope.wipo.int/search/en/detail.jsf?docId=GB449775074&_cid=P22-MIZIF6-17177-3
532,https://patentscope.wipo.int/search/en/detail.jsf?docId=WO2018185459&_cid=P22-MIZIF6-17177-3
533,https://patentscope.wipo.int/search/en/detail.jsf?docId=CA254145417&_cid=P22-MIZIF6-17177-3
534,https://patentscope.wipo.int/search/en/detail.jsf?docId=WO2017103564&_cid=P22-MIZIF6-17177-3
535,https://patentscope.wipo.int/search/en/detail.jsf?docId=EP11062826&_cid=P22-MIZIF6-17177-3
536,https://patentscope.wipo.int/search/en/detail.jsf?docId=US43776370&_cid=P22-MIZIF6-17177-3
537,https://patentscope.wipo.int/search/en/detail.jsf?docId=CA93538289&_cid=P22-MIZIF6-17177-3
538,https://patentscope.wipo.int/search/en/detail.jsf?docId=CA93464249&_cid=P22-MIZIF6-17177-3
539,https://patentscope.wipo.int/search/en/detail.jsf?docId=WO2008110331&_cid=P22-MIZIF6-17177-3
540,https://patentscope.wipo.int/search/en/detail.jsf?docId=EP446185127&_cid=P22-MIZIF6-17177-3
541,https://patentscope.wipo.int/search/en/detail.jsf?docId=WO2014195897&_cid=P22-MIZIF6-17177-3
542,https://patentscope.wipo.int/search/en/detail.jsf?docId=WO2015177330&_cid=P22-MIZIF6-17177-3
543,https://patentscope.wipo.int/search/en/detail.jsf?docId=WO2015140279&_cid=P22-MIZIF6-17177-3
544,https://patentscope.wipo.int/search/en/detail.jsf?docId=WO2012037445&_cid=P22-MIZIF6-17177-3
545,https://patentscope.wipo.int/search/en/detail.jsf?docId=WO2020089273&_cid=P22-MIZIF6-17177-3
546,https://patentscope.wipo.int/search/en/detail.jsf?docId=WO2019158512&_cid=P22-MIZIF6-17177-3
547,https://patentscope.wipo.int/search/en/detail.jsf?docId=WO2019162427&_cid=P22-MIZIF6-17177-3
548,https://patentscope.wipo.int/search/en/detail.jsf?docId=WO2017144546&_cid=P22-MIZIF6-17177-3
549,https://patentscope.wipo.int/search/en/detail.jsf?docId=WO2017216352&_cid=P22-MIZIF6-17177-3
550,https://patentscope.wipo.int/search/en/detail.jsf?docId=WO2024052356&_cid=P22-MIZIF6-17177-3
551,https://patentscope.wipo.int/search/en/detail.jsf?docId=WO2024023034&_cid=P22-MIZIF6-17177-3
552,https://patentscope.wipo.int/search/en/detail.jsf?docId=WO2019101871&_cid=P22-MIZIF6-17177-3
553,https://patentscope.wipo.int/search/en/detail.jsf?docId=WO2020260919&_cid=P22-MIZIF6-17177-3
554,https://patentscope.wipo.int/search/en/detail.jsf?docId=WO2023180436&_cid=P22-MIZIF6-17177-3
555,https://patentscope.wipo.int/search/en/detail.jsf?docId=WO2024165741&_cid=P22-MIZIF6-17177-3
556,https://patentscope.wipo.int/search/en/detail.jsf?docId=WO2023222735&_cid=P22-MIZIF6-17177-3
557,https://patentscope.wipo.int/search/en/detail.jsf?docId=NZ178839679&_cid=P22-MIZIF6-17177-3
558,https://patentscope.wipo.int/search/en/detail.jsf?docId=WO2022160060&_cid=P22-MIZIF6-17177-3
559,https://patentscope.wipo.int/search/en/detail.jsf?docId=US37014650&_cid=P22-MIZIF6-17177-3
560,https://patentscope.wipo.int/search/en/detail.jsf?docId=US42578937&_cid=P22-MIZIF6-17177-3
561,https://patentscope.wipo.int/search/en/detail.jsf?docId=CA93614115&_cid=P22-MIZIF6-17177-3
562,https://patentscope.wipo.int/search/en/detail.jsf?docId=CA93592290&_cid=P22-MIZIF6-17177-3
563,https://patentscope.wipo.int/search/en/detail.jsf?docId=CA94288874&_cid=P22-MIZIF6-17177-3
564,https://patentscope.wipo.int/search/en/detail.jsf?docId=US39781038&_cid=P22-MIZIF6-17177-3
565,https://patentscope.wipo.int/search/en/detail.jsf?docId=US36922121&_cid=P22-MIZIF6-17177-3
566,https://patentscope.wipo.int/search/en/detail.jsf?docId=EP13138450&_cid=P22-MIZIF6-17177-3
567,https://patentscope.wipo.int/search/en/detail.jsf?docId=WO1997046482&_cid=P22-MIZIF6-17177-3
568,https://patentscope.wipo.int/search/en/detail.jsf?docId=US38068077&_cid=P22-MIZIF6-17177-3
569,https://patentscope.wipo.int/search/en/detail.jsf?docId=CA93838441&_cid=P22-MIZIF6-17177-3
570,https://patentscope.wipo.int/search/en/detail.jsf?docId=CA93733037&_cid=P22-MIZIF6-17177-3
571,https://patentscope.wipo.int/search/en/detail.jsf?docId=CA93623993&_cid=P22-MIZIF6-17177-3
572,https://patentscope.wipo.int/search/en/detail.jsf?docId=IN211576283&_cid=P22-MIZIF6-17177-3
573,https://patentscope.wipo.int/search/en/detail.jsf?docId=IN213727750&_cid=P22-MIZIF6-17177-3
574,https://patentscope.wipo.int/search/en/detail.jsf?docId=WO2016132092&_cid=P22-MIZIF6-17177-3
575,https://patentscope.wipo.int/search/en/detail.jsf?docId=CA93556479&_cid=P22-MIZIF6-17177-3
576,https://patentscope.wipo.int/search/en/detail.jsf?docId=US39020104&_cid=P22-MIZIF6-17177-3
577,https://patentscope.wipo.int/search/en/detail.jsf?docId=US41677858&_cid=P22-MIZIF6-17177-3
578,https://patentscope.wipo.int/search/en/detail.jsf?docId=KR74253989&_cid=P22-MIZIF6-17177-3
579,https://patentscope.wipo.int/search/en/detail.jsf?docId=EP453819322&_cid=P22-MIZIF6-17177-3
580,https://patentscope.wipo.int/search/en/detail.jsf?docId=EP11476704&_cid=P22-MIZIF6-17177-3
581,https://patentscope.wipo.int/search/en/detail.jsf?docId=US41198574&_cid=P22-MIZIF6-17177-3
582,https://patentscope.wipo.int/search/en/detail.jsf?docId=IN346889160&_cid=P22-MIZIF6-17177-3
583,https://patentscope.wipo.int/search/en/detail.jsf?docId=WO2025032310&_cid=P22-MIZIF6-17177-3
584,https://patentscope.wipo.int/search/en/detail.jsf?docId=WO2025040498&_cid=P22-MIZIF6-17177-3
585,https://patentscope.wipo.int/search/en/detail.jsf?docId=CA94147183&_cid=P22-MIZIF6-17177-3
586,https://patentscope.wipo.int/search/en/detail.jsf?docId=EP14444368&_cid=P22-MIZIF6-17177-3
587,https://patentscope.wipo.int/search/en/detail.jsf?docId=WO2016083625&_cid=P22-MIZIF6-17177-3
588,https://patentscope.wipo.int/search/en/detail.jsf?docId=WO2015001053&_cid=P22-MIZIF6-17177-3
589,https://patentscope.wipo.int/search/en/detail.jsf?docId=WO2012066117&_cid=P22-MIZIF6-17177-3
590,https://patentscope.wipo.int/search/en/detail.jsf?docId=WO2012031752&_cid=P22-MIZIF6-17177-3
591,https://patentscope.wipo.int/search/en/detail.jsf?docId=WO2015004218&_cid=P22-MIZIF6-17177-3
592,https://patentscope.wipo.int/search/en/detail.jsf?docId=WO2017080577&_cid=P22-MIZIF6-17177-3
593,https://patentscope.wipo.int/search/en/detail.jsf?docId=WO2018115083&_cid=P22-MIZIF6-17177-3
594,https://patentscope.wipo.int/search/en/detail.jsf?docId=WO2021001431&_cid=P22-MIZIF6-17177-3
595,https://patentscope.wipo.int/search/en/detail.jsf?docId=WO2017102927&_cid=P22-MIZIF6-17177-3
596,https://patentscope.wipo.int/search/en/detail.jsf?docId=WO2017182834&_cid=P22-MIZIF6-17177-3
597,https://patentscope.wipo.int/search/en/detail.jsf?docId=WO2013079487&_cid=P22-MIZIF6-17177-3
598,https://patentscope.wipo.int/search/en/detail.jsf?docId=WO2020070053&_cid=P22-MIZIF6-17177-3
599,https://patentscope.wipo.int/search/en/detail.jsf?docId=WO2023222784&_cid=P22-MIZIF6-17177-3
600,https://patentscope.wipo.int/search/en/detail.jsf?docId=WO2020148349&_cid=P22-MIZIF6-17177-4
601,https://patentscope.wipo.int/search/en/detail.jsf?docId=WO2020157297&_cid=P22-MIZIF6-17177-4
602,https://patentscope.wipo.int/search/en/detail.jsf?docId=WO2024160980&_cid=P22-MIZIF6-17177-4
603,https://patentscope.wipo.int/search/en/detail.jsf?docId=WO2024138067&_cid=P22-MIZIF6-17177-4
604,https://patentscope.wipo.int/search/en/detail.jsf?docId=WO2024170505&_cid=P22-MIZIF6-17177-4
605,https://patentscope.wipo.int/search/en/detail.jsf?docId=US36604671&_cid=P22-MIZIF6-17177-4
606,https://patentscope.wipo.int/search/en/detail.jsf?docId=US36883638&_cid=P22-MIZIF6-17177-4
607,https://patentscope.wipo.int/search/en/detail.jsf?docId=US43448271&_cid=P22-MIZIF6-17177-4
608,https://patentscope.wipo.int/search/en/detail.jsf?docId=CA93445879&_cid=P22-MIZIF6-17177-4
609,https://patentscope.wipo.int/search/en/detail.jsf?docId=CA93508774&_cid=P22-MIZIF6-17177-4
610,https://patentscope.wipo.int/search/en/detail.jsf?docId=IN211752776&_cid=P22-MIZIF6-17177-4
611,https://patentscope.wipo.int/search/en/detail.jsf?docId=CA94444689&_cid=P22-MIZIF6-17177-4
612,https://patentscope.wipo.int/search/en/detail.jsf?docId=EP11210715&_cid=P22-MIZIF6-17177-4
613,https://patentscope.wipo.int/search/en/detail.jsf?docId=US36890676&_cid=P22-MIZIF6-17177-4
614,https://patentscope.wipo.int/search/en/detail.jsf?docId=US37088291&_cid=P22-MIZIF6-17177-4
615,https://patentscope.wipo.int/search/en/detail.jsf?docId=US36925899&_cid=P22-MIZIF6-17177-4
616,https://patentscope.wipo.int/search/en/detail.jsf?docId=US43459591&_cid=P22-MIZIF6-17177-4
617,https://patentscope.wipo.int/search/en/detail.jsf?docId=US43519819&_cid=P22-MIZIF6-17177-4
618,https://patentscope.wipo.int/search/en/detail.jsf?docId=KR92259902&_cid=P22-MIZIF6-17177-4
619,https://patentscope.wipo.int/search/en/detail.jsf?docId=CA94447133&_cid=P22-MIZIF6-17177-4
620,https://patentscope.wipo.int/search/en/detail.jsf?docId=IN211514755&_cid=P22-MIZIF6-17177-4
621,https://patentscope.wipo.int/search/en/detail.jsf?docId=IN306148716&_cid=P22-MIZIF6-17177-4
622,https://patentscope.wipo.int/search/en/detail.jsf?docId=WO1979001064&_cid=P22-MIZIF6-17177-4
623,https://patentscope.wipo.int/search/en/detail.jsf?docId=EP307589541&_cid=P22-MIZIF6-17177-4
624,https://patentscope.wipo.int/search/en/detail.jsf?docId=WO2019110267&_cid=P22-MIZIF6-17177-4
625,https://patentscope.wipo.int/search/en/detail.jsf?docId=WO2021028361&_cid=P22-MIZIF6-17177-4
626,https://patentscope.wipo.int/search/en/detail.jsf?docId=EP20843940&_cid=P22-MIZIF6-17177-4
627,https://patentscope.wipo.int/search/en/detail.jsf?docId=WO2010002469&_cid=P22-MIZIF6-17177-4
628,https://patentscope.wipo.int/search/en/detail.jsf?docId=US37075537&_cid=P22-MIZIF6-17177-4
629,https://patentscope.wipo.int/search/en/detail.jsf?docId=US37241042&_cid=P22-MIZIF6-17177-4
630,https://patentscope.wipo.int/search/en/detail.jsf?docId=US37282198&_cid=P22-MIZIF6-17177-4
631,https://patentscope.wipo.int/search/en/detail.jsf?docId=CA93438380&_cid=P22-MIZIF6-17177-4
632,https://patentscope.wipo.int/search/en/detail.jsf?docId=EP251295139&_cid=P22-MIZIF6-17177-4
633,https://patentscope.wipo.int/search/en/detail.jsf?docId=IN358968754&_cid=P22-MIZIF6-17177-4
634,https://patentscope.wipo.int/search/en/detail.jsf?docId=WO1979001062&_cid=P22-MIZIF6-17177-4
635,https://patentscope.wipo.int/search/en/detail.jsf?docId=CA212809299&_cid=P22-MIZIF6-17177-4
636,https://patentscope.wipo.int/search/en/detail.jsf?docId=EP14728319&_cid=P22-MIZIF6-17177-4
637,https://patentscope.wipo.int/search/en/detail.jsf?docId=WO2018078318&_cid=P22-MIZIF6-17177-4
638,https://patentscope.wipo.int/search/en/detail.jsf?docId=CA241469149&_cid=P22-MIZIF6-17177-4
639,https://patentscope.wipo.int/search/en/detail.jsf?docId=WO2012117269&_cid=P22-MIZIF6-17177-4
640,https://patentscope.wipo.int/search/en/detail.jsf?docId=US37006287&_cid=P22-MIZIF6-17177-4
641,https://patentscope.wipo.int/search/en/detail.jsf?docId=US37009317&_cid=P22-MIZIF6-17177-4
642,https://patentscope.wipo.int/search/en/detail.jsf?docId=US36080320&_cid=P22-MIZIF6-17177-4
643,https://patentscope.wipo.int/search/en/detail.jsf?docId=US41551953&_cid=P22-MIZIF6-17177-4
644,https://patentscope.wipo.int/search/en/detail.jsf?docId=IN211739313&_cid=P22-MIZIF6-17177-4
645,https://patentscope.wipo.int/search/en/detail.jsf?docId=IN223579333&_cid=P22-MIZIF6-17177-4
646,https://patentscope.wipo.int/search/en/detail.jsf?docId=EP289050985&_cid=P22-MIZIF6-17177-4
647,https://patentscope.wipo.int/search/en/detail.jsf?docId=EP175357814&_cid=P22-MIZIF6-17177-4
648,https://patentscope.wipo.int/search/en/detail.jsf?docId=IN211404861&_cid=P22-MIZIF6-17177-4
649,https://patentscope.wipo.int/search/en/detail.jsf?docId=IN211705459&_cid=P22-MIZIF6-17177-4
650,https://patentscope.wipo.int/search/en/detail.jsf?docId=CA232198603&_cid=P22-MIZIF6-17177-4
651,https://patentscope.wipo.int/search/en/detail.jsf?docId=CA340243250&_cid=P22-MIZIF6-17177-4
652,https://patentscope.wipo.int/search/en/detail.jsf?docId=WO2025177158&_cid=P22-MIZIF6-17177-4
653,https://patentscope.wipo.int/search/en/detail.jsf?docId=US37152247&_cid=P22-MIZIF6-17177-4
654,https://patentscope.wipo.int/search/en/detail.jsf?docId=US37353014&_cid=P22-MIZIF6-17177-4
655,https://patentscope.wipo.int/search/en/detail.jsf?docId=US36784450&_cid=P22-MIZIF6-17177-4
656,https://patentscope.wipo.int/search/en/detail.jsf?docId=US39325013&_cid=P22-MIZIF6-17177-4
657,https://patentscope.wipo.int/search/en/detail.jsf?docId=KR74220905&_cid=P22-MIZIF6-17177-4
658,https://patentscope.wipo.int/search/en/detail.jsf?docId=WO1979001063&_cid=P22-MIZIF6-17177-4
659,https://patentscope.wipo.int/search/en/detail.jsf?docId=CA93430551&_cid=P22-MIZIF6-17177-4
660,https://patentscope.wipo.int/search/en/detail.jsf?docId=US38539418&_cid=P22-MIZIF6-17177-4
661,https://patentscope.wipo.int/search/en/detail.jsf?docId=US41214092&_cid=P22-MIZIF6-17177-4
662,https://patentscope.wipo.int/search/en/detail.jsf?docId=GB153272577&_cid=P22-MIZIF6-17177-4
663,https://patentscope.wipo.int/search/en/detail.jsf?docId=IN241092167&_cid=P22-MIZIF6-17177-4
664,https://patentscope.wipo.int/search/en/detail.jsf?docId=WO2014070421&_cid=P22-MIZIF6-17177-4
665,https://patentscope.wipo.int/search/en/detail.jsf?docId=EP467051839&_cid=P22-MIZIF6-17177-4
666,https://patentscope.wipo.int/search/en/detail.jsf?docId=WO2024160704&_cid=P22-MIZIF6-17177-4
667,https://patentscope.wipo.int/search/en/detail.jsf?docId=WO2025230414&_cid=P22-MIZIF6-17177-4
668,https://patentscope.wipo.int/search/en/detail.jsf?docId=NL468133574&_cid=P22-MIZIF6-17177-4
669,https://patentscope.wipo.int/search/en/detail.jsf?docId=US36985699&_cid=P22-MIZIF6-17177-4
670,https://patentscope.wipo.int/search/en/detail.jsf?docId=US37352792&_cid=P22-MIZIF6-17177-4
671,https://patentscope.wipo.int/search/en/detail.jsf?docId=US42506081&_cid=P22-MIZIF6-17177-4
672,https://patentscope.wipo.int/search/en/detail.jsf?docId=US42511993&_cid=P22-MIZIF6-17177-4
673,https://patentscope.wipo.int/search/en/detail.jsf?docId=CA93583608&_cid=P22-MIZIF6-17177-4
674,https://patentscope.wipo.int/search/en/detail.jsf?docId=KR95452765&_cid=P22-MIZIF6-17177-4
675,https://patentscope.wipo.int/search/en/detail.jsf?docId=IN211705458&_cid=P22-MIZIF6-17177-4
676,https://patentscope.wipo.int/search/en/detail.jsf?docId=WO2008013790&_cid=P22-MIZIF6-17177-4
677,https://patentscope.wipo.int/search/en/detail.jsf?docId=US42506094&_cid=P22-MIZIF6-17177-4
678,https://patentscope.wipo.int/search/en/detail.jsf?docId=WO2008013794&_cid=P22-MIZIF6-17177-4
679,https://patentscope.wipo.int/search/en/detail.jsf?docId=CA93475709&_cid=P22-MIZIF6-17177-4
680,https://patentscope.wipo.int/search/en/detail.jsf?docId=EP13735678&_cid=P22-MIZIF6-17177-4
681,https://patentscope.wipo.int/search/en/detail.jsf?docId=US43249833&_cid=P22-MIZIF6-17177-4
682,https://patentscope.wipo.int/search/en/detail.jsf?docId=IN211696107&_cid=P22-MIZIF6-17177-4
683,https://patentscope.wipo.int/search/en/detail.jsf?docId=IN211673643&_cid=P22-MIZIF6-17177-4
684,https://patentscope.wipo.int/search/en/detail.jsf?docId=WO2010033846&_cid=P22-MIZIF6-17177-4
685,https://patentscope.wipo.int/search/en/detail.jsf?docId=WO2003106332&_cid=P22-MIZIF6-17177-4
686,https://patentscope.wipo.int/search/en/detail.jsf?docId=EP14367545&_cid=P22-MIZIF6-17177-4
687,https://patentscope.wipo.int/search/en/detail.jsf?docId=WO2023107901&_cid=P22-MIZIF6-17177-4
688,https://patentscope.wipo.int/search/en/detail.jsf?docId=EP441044800&_cid=P22-MIZIF6-17177-4
689,https://patentscope.wipo.int/search/en/detail.jsf?docId=US37412677&_cid=P22-MIZIF6-17177-4
690,https://patentscope.wipo.int/search/en/detail.jsf?docId=US37529913&_cid=P22-MIZIF6-17177-4
691,https://patentscope.wipo.int/search/en/detail.jsf?docId=US37348480&_cid=P22-MIZIF6-17177-4
692,https://patentscope.wipo.int/search/en/detail.jsf?docId=US36875204&_cid=P22-MIZIF6-17177-4
693,https://patentscope.wipo.int/search/en/detail.jsf?docId=CA94890899&_cid=P22-MIZIF6-17177-4
694,https://patentscope.wipo.int/search/en/detail.jsf?docId=NZ178948549&_cid=P22-MIZIF6-17177-4
695,https://patentscope.wipo.int/search/en/detail.jsf?docId=IN211701469&_cid=P22-MIZIF6-17177-4
696,https://patentscope.wipo.int/search/en/detail.jsf?docId=US37552590&_cid=P22-MIZIF6-17177-4
697,https://patentscope.wipo.int/search/en/detail.jsf?docId=IN211706470&_cid=P22-MIZIF6-17177-4
698,https://patentscope.wipo.int/search/en/detail.jsf?docId=WO1979001065&_cid=P22-MIZIF6-17177-4
699,https://patentscope.wipo.int/search/en/detail.jsf?docId=CA235159733&_cid=P22-MIZIF6-17177-4
700,https://patentscope.wipo.int/search/en/detail.jsf?docId=US37005249&_cid=P22-MIZIF6-17177-4
701,https://patentscope.wipo.int/search/en/detail.jsf?docId=US42072714&_cid=P22-MIZIF6-17177-4
702,https://patentscope.wipo.int/search/en/detail.jsf?docId=CA93507108&_cid=P22-MIZIF6-17177-4
703,https://patentscope.wipo.int/search/en/detail.jsf?docId=GB185317867&_cid=P22-MIZIF6-17177-4
704,https://patentscope.wipo.int/search/en/detail.jsf?docId=WO2007075429&_cid=P22-MIZIF6-17177-4
705,https://patentscope.wipo.int/search/en/detail.jsf?docId=EP426474283&_cid=P22-MIZIF6-17177-4
706,https://patentscope.wipo.int/search/en/detail.jsf?docId=WO2023280447&_cid=P22-MIZIF6-17177-4
707,https://patentscope.wipo.int/search/en/detail.jsf?docId=EP389043257&_cid=P22-MIZIF6-17177-4
708,https://patentscope.wipo.int/search/en/detail.jsf?docId=WO2022243361&_cid=P22-MIZIF6-17177-4
709,https://patentscope.wipo.int/search/en/detail.jsf?docId=CA321219706&_cid=P22-MIZIF6-17177-4
710,https://patentscope.wipo.int/search/en/detail.jsf?docId=NZ441962925&_cid=P22-MIZIF6-17177-4
711,https://patentscope.wipo.int/search/en/detail.jsf?docId=US39752833&_cid=P22-MIZIF6-17177-4
712,https://patentscope.wipo.int/search/en/detail.jsf?docId=US37249831&_cid=P22-MIZIF6-17177-4
713,https://patentscope.wipo.int/search/en/detail.jsf?docId=US39602396&_cid=P22-MIZIF6-17177-4
714,https://patentscope.wipo.int/search/en/detail.jsf?docId=US40702522&_cid=P22-MIZIF6-17177-4
715,https://patentscope.wipo.int/search/en/detail.jsf?docId=US36886113&_cid=P22-MIZIF6-17177-4
716,https://patentscope.wipo.int/search/en/detail.jsf?docId=US42509205&_cid=P22-MIZIF6-17177-4
717,https://patentscope.wipo.int/search/en/detail.jsf?docId=WO2014070422&_cid=P22-MIZIF6-17177-4
718,https://patentscope.wipo.int/search/en/detail.jsf?docId=WO2023126177&_cid=P22-MIZIF6-17177-4
719,https://patentscope.wipo.int/search/en/detail.jsf?docId=EP453975901&_cid=P22-MIZIF6-17177-4
720,https://patentscope.wipo.int/search/en/detail.jsf?docId=WO2025073403&_cid=P22-MIZIF6-17177-4
721,https://patentscope.wipo.int/search/en/detail.jsf?docId=EP442297396&_cid=P22-MIZIF6-17177-4
722,https://patentscope.wipo.int/search/en/detail.jsf?docId=EP13952034&_cid=P22-MIZIF6-17177-4
723,https://patentscope.wipo.int/search/en/detail.jsf?docId=WO2002026618&_cid=P22-MIZIF6-17177-4
724,https://patentscope.wipo.int/search/en/detail.jsf?docId=CA94053470&_cid=P22-MIZIF6-17177-4
725,https://patentscope.wipo.int/search/en/detail.jsf?docId=EP13580553&_cid=P22-MIZIF6-17177-4
726,https://patentscope.wipo.int/search/en/detail.jsf?docId=EP13669652&_cid=P22-MIZIF6-17177-4
727,https://patentscope.wipo.int/search/en/detail.jsf?docId=US37300636&_cid=P22-MIZIF6-17177-4
728,https://patentscope.wipo.int/search/en/detail.jsf?docId=US37198725&_cid=P22-MIZIF6-17177-4
729,https://patentscope.wipo.int/search/en/detail.jsf?docId=US40273173&_cid=P22-MIZIF6-17177-4
730,https://patentscope.wipo.int/search/en/detail.jsf?docId=CA94037008&_cid=P22-MIZIF6-17177-4
731,https://patentscope.wipo.int/search/en/detail.jsf?docId=IN211398855&_cid=P22-MIZIF6-17177-4
732,https://patentscope.wipo.int/search/en/detail.jsf?docId=WO2000016901&_cid=P22-MIZIF6-17177-4
733,https://patentscope.wipo.int/search/en/detail.jsf?docId=WO2000021911&_cid=P22-MIZIF6-17177-4
734,https://patentscope.wipo.int/search/en/detail.jsf?docId=WO2001081240&_cid=P22-MIZIF6-17177-4
735,https://patentscope.wipo.int/search/en/detail.jsf?docId=WO2003078318&_cid=P22-MIZIF6-17177-4
736,https://patentscope.wipo.int/search/en/detail.jsf?docId=CA94482595&_cid=P22-MIZIF6-17177-4
737,https://patentscope.wipo.int/search/en/detail.jsf?docId=CA93960200&_cid=P22-MIZIF6-17177-4
738,https://patentscope.wipo.int/search/en/detail.jsf?docId=EP421023252&_cid=P22-MIZIF6-17177-4
739,https://patentscope.wipo.int/search/en/detail.jsf?docId=EP444100765&_cid=P22-MIZIF6-17177-4
740,https://patentscope.wipo.int/search/en/detail.jsf?docId=WO2024256291&_cid=P22-MIZIF6-17177-4
741,https://patentscope.wipo.int/search/en/detail.jsf?docId=IN275747025&_cid=P22-MIZIF6-17177-4
742,https://patentscope.wipo.int/search/en/detail.jsf?docId=IN309432885&_cid=P22-MIZIF6-17177-4
743,https://patentscope.wipo.int/search/en/detail.jsf?docId=WO2025012266&_cid=P22-MIZIF6-17177-4
744,https://patentscope.wipo.int/search/en/detail.jsf?docId=US35350703&_cid=P22-MIZIF6-17177-4
745,https://patentscope.wipo.int/search/en/detail.jsf?docId=US36652671&_cid=P22-MIZIF6-17177-4
746,https://patentscope.wipo.int/search/en/detail.jsf?docId=CA93972644&_cid=P22-MIZIF6-17177-4
747,https://patentscope.wipo.int/search/en/detail.jsf?docId=DK352765967&_cid=P22-MIZIF6-17177-4
748,https://patentscope.wipo.int/search/en/detail.jsf?docId=WO2015171791&_cid=P22-MIZIF6-17177-4
749,https://patentscope.wipo.int/search/en/detail.jsf?docId=WO2014128203&_cid=P22-MIZIF6-17177-4
750,https://patentscope.wipo.int/search/en/detail.jsf?docId=US38983129&_cid=P22-MIZIF6-17177-4
751,https://patentscope.wipo.int/search/en/detail.jsf?docId=EP12601913&_cid=P22-MIZIF6-17177-4
752,https://patentscope.wipo.int/search/en/detail.jsf?docId=WO1998026868&_cid=P22-MIZIF6-17177-4
753,https://patentscope.wipo.int/search/en/detail.jsf?docId=WO2006050749&_cid=P22-MIZIF6-17177-4
754,https://patentscope.wipo.int/search/en/detail.jsf?docId=EP226146974&_cid=P22-MIZIF6-17177-4
755,https://patentscope.wipo.int/search/en/detail.jsf?docId=EP14839202&_cid=P22-MIZIF6-17177-4
756,https://patentscope.wipo.int/search/en/detail.jsf?docId=WO2006099716&_cid=P22-MIZIF6-17177-4
757,https://patentscope.wipo.int/search/en/detail.jsf?docId=WO2016186739&_cid=P22-MIZIF6-17177-4
758,https://patentscope.wipo.int/search/en/detail.jsf?docId=EP11348188&_cid=P22-MIZIF6-17177-4
759,https://patentscope.wipo.int/search/en/detail.jsf?docId=CA93567686&_cid=P22-MIZIF6-17177-4
760,https://patentscope.wipo.int/search/en/detail.jsf?docId=IN334770755&_cid=P22-MIZIF6-17177-4
761,https://patentscope.wipo.int/search/en/detail.jsf?docId=EP15079319&_cid=P22-MIZIF6-17177-4
762,https://patentscope.wipo.int/search/en/detail.jsf?docId=EP13217827&_cid=P22-MIZIF6-17177-4
763,https://patentscope.wipo.int/search/en/detail.jsf?docId=US38258479&_cid=P22-MIZIF6-17177-4
764,https://patentscope.wipo.int/search/en/detail.jsf?docId=US38335205&_cid=P22-MIZIF6-17177-4
765,https://patentscope.wipo.int/search/en/detail.jsf?docId=US40586072&_cid=P22-MIZIF6-17177-4
766,https://patentscope.wipo.int/search/en/detail.jsf?docId=US40428742&_cid=P22-MIZIF6-17177-4
767,https://patentscope.wipo.int/search/en/detail.jsf?docId=US43483391&_cid=P22-MIZIF6-17177-4
768,https://patentscope.wipo.int/search/en/detail.jsf?docId=US43368777&_cid=P22-MIZIF6-17177-4
769,https://patentscope.wipo.int/search/en/detail.jsf?docId=US43433367&_cid=P22-MIZIF6-17177-4
770,https://patentscope.wipo.int/search/en/detail.jsf?docId=CA93796200&_cid=P22-MIZIF6-17177-4
771,https://patentscope.wipo.int/search/en/detail.jsf?docId=CA94372694&_cid=P22-MIZIF6-17177-4
772,https://patentscope.wipo.int/search/en/detail.jsf?docId=CA179276669&_cid=P22-MIZIF6-17177-4
773,https://patentscope.wipo.int/search/en/detail.jsf?docId=EP234474846&_cid=P22-MIZIF6-17177-4
774,https://patentscope.wipo.int/search/en/detail.jsf?docId=WO2018220204&_cid=P22-MIZIF6-17177-4
775,https://patentscope.wipo.int/search/en/detail.jsf?docId=WO2023036995&_cid=P22-MIZIF6-17177-4
776,https://patentscope.wipo.int/search/en/detail.jsf?docId=EP436937052&_cid=P22-MIZIF6-17177-4
777,https://patentscope.wipo.int/search/en/detail.jsf?docId=EP437315963&_cid=P22-MIZIF6-17177-4
778,https://patentscope.wipo.int/search/en/detail.jsf?docId=EP237582831&_cid=P22-MIZIF6-17177-4
779,https://patentscope.wipo.int/search/en/detail.jsf?docId=EP444730223&_cid=P22-MIZIF6-17177-4
780,https://patentscope.wipo.int/search/en/detail.jsf?docId=CA153280066&_cid=P22-MIZIF6-17177-4
781,https://patentscope.wipo.int/search/en/detail.jsf?docId=EP309785721&_cid=P22-MIZIF6-17177-4
782,https://patentscope.wipo.int/search/en/detail.jsf?docId=EP245432497&_cid=P22-MIZIF6-17177-4
783,https://patentscope.wipo.int/search/en/detail.jsf?docId=WO2025157848&_cid=P22-MIZIF6-17177-4
784,https://patentscope.wipo.int/search/en/detail.jsf?docId=EP418639103&_cid=P22-MIZIF6-17177-4
785,https://patentscope.wipo.int/search/en/detail.jsf?docId=EP454733042&_cid=P22-MIZIF6-17177-4
786,https://patentscope.wipo.int/search/en/detail.jsf?docId=WO2023247744&_cid=P22-MIZIF6-17177-4
787,https://patentscope.wipo.int/search/en/detail.jsf?docId=EP463444369&_cid=P22-MIZIF6-17177-4
788,https://patentscope.wipo.int/search/en/detail.jsf?docId=US37185098&_cid=P22-MIZIF6-17177-4
789,https://patentscope.wipo.int/search/en/detail.jsf?docId=US38765769&_cid=P22-MIZIF6-17177-4
790,https://patentscope.wipo.int/search/en/detail.jsf?docId=US38365977&_cid=P22-MIZIF6-17177-4
791,https://patentscope.wipo.int/search/en/detail.jsf?docId=US37745321&_cid=P22-MIZIF6-17177-4
792,https://patentscope.wipo.int/search/en/detail.jsf?docId=US40885090&_cid=P22-MIZIF6-17177-4
793,https://patentscope.wipo.int/search/en/detail.jsf?docId=US41411648&_cid=P22-MIZIF6-17177-4
794,https://patentscope.wipo.int/search/en/detail.jsf?docId=US43535339&_cid=P22-MIZIF6-17177-4
795,https://patentscope.wipo.int/search/en/detail.jsf?docId=CA94484333&_cid=P22-MIZIF6-17177-4
796,https://patentscope.wipo.int/search/en/detail.jsf?docId=EP192351417&_cid=P22-MIZIF6-17177-4
797,https://patentscope.wipo.int/search/en/detail.jsf?docId=EP307589391&_cid=P22-MIZIF6-17177-4
798,https://patentscope.wipo.int/search/en/detail.jsf?docId=EP313650505&_cid=P22-MIZIF6-17177-4
799,https://patentscope.wipo.int/search/en/detail.jsf?docId=CA94101767&_cid=P22-MIZIF6-17177-4
